Workbook

Sheet DATASETS
A1: DATASETS – MMDA AADT and MMARAS crash counts, NCR roads, 2015–2024, with previous-year crashes (Prev) and road size
A2: All AADT, crash, length and lane values are live links to SOURCE_DATA (unchanged copy of AADT_MMARAS_DATASETS.xlsx). Prev is a lookup on ROAD + (YEAR − 1); nothing is imputed.
A4: Road | B4: Year | C4: AADT (vehicles/day) | D4: Actual MMARAS crashes (count/year) | E4: Dataset classification | F4: Road length (km) | G4: Total lanes (average) | H4: Total lanes-kilometers | I4: Prev = crashes of same road in Year − 1 | J4: How Prev was obtained | K4: Used in Prev-based models? | M4: SUMMARY COUNTS (formulas) | N4: Value
A5: =SOURCE_DATA!A5 -> PRES. QUIRINO AVE. | B5: 2015 | C5: =SOURCE_DATA!B5 -> 119824 | D5: =SOURCE_DATA!L5 -> 887 | E5: Training | F5: =SOURCE_DATA!W5 -> 3.6 | G5: =SOURCE_DATA!X5 -> 8 | H5: =SOURCE_DATA!Y5 -> 28.8 | I5: =IF(COUNTIFS($A$5:$A$144,A5,$B$5:$B$144,B5-1)=1,SUMIFS($D$5:$D$144,$A$5:$A$144,A5,$B$5:$B$144,B5-1),"N/A") -> N/A | J5: =IF(ISNUMBER(I5),"Actual "&(B5-1)&" crashes of this road","Unavailable – no "&(B5-1)&" MMARAS record (not imputed)") -> Unavailable – no 2014 MMARAS record (not imputed) | K5: =IF(ISNUMBER(I5),"Yes","No – excluded") -> No – excluded | M5: Eligible roads (training + EDSA) | N5: =SUMPRODUCT(1/COUNTIF($A$5:$A$144,$A$5:$A$144)) -> 14
A6: =SOURCE_DATA!A5 -> PRES. QUIRINO AVE. | B6: 2016 | C6: =SOURCE_DATA!C5 -> 117482 | D6: =SOURCE_DATA!M5 -> 1005 | E6: Training | F6: =SOURCE_DATA!W5 -> 3.6 | G6: =SOURCE_DATA!X5 -> 8 | H6: =SOURCE_DATA!Y5 -> 28.8 | I6: =IF(COUNTIFS($A$5:$A$144,A6,$B$5:$B$144,B6-1)=1,SUMIFS($D$5:$D$144,$A$5:$A$144,A6,$B$5:$B$144,B6-1),"N/A") -> 887 | J6: =IF(ISNUMBER(I6),"Actual "&(B6-1)&" crashes of this road","Unavailable – no "&(B6-1)&" MMARAS record (not imputed)") -> Actual 2015 crashes of this road | K6: =IF(ISNUMBER(I6),"Yes","No – excluded") -> Yes | M6: Eligible TRAINING roads (EDSA excluded) | N6: =SUMPRODUCT(($E$5:$E$144="Training")/COUNTIFS($A$5:$A$144,$A$5:$A$144,$E$5:$E$144,$E$5:$E$144)) -> 13
A7: =SOURCE_DATA!A5 -> PRES. QUIRINO AVE. | B7: 2017 | C7: =SOURCE_DATA!D5 -> 105118 | D7: =SOURCE_DATA!N5 -> 868 | E7: Training | F7: =SOURCE_DATA!W5 -> 3.6 | G7: =SOURCE_DATA!X5 -> 8 | H7: =SOURCE_DATA!Y5 -> 28.8 | I7: =IF(COUNTIFS($A$5:$A$144,A7,$B$5:$B$144,B7-1)=1,SUMIFS($D$5:$D$144,$A$5:$A$144,A7,$B$5:$B$144,B7-1),"N/A") -> 1005 | J7: =IF(ISNUMBER(I7),"Actual "&(B7-1)&" crashes of this road","Unavailable – no "&(B7-1)&" MMARAS record (not imputed)") -> Actual 2016 crashes of this road | K7: =IF(ISNUMBER(I7),"Yes","No – excluded") -> Yes | M7: Training road-years in the source (2015–2024) | N7: =COUNTIF($E$5:$E$144,"Training") -> 130
A8: =SOURCE_DATA!A5 -> PRES. QUIRINO AVE. | B8: 2018 | C8: =SOURCE_DATA!E5 -> 108592 | D8: =SOURCE_DATA!O5 -> 953 | E8: Training | F8: =SOURCE_DATA!W5 -> 3.6 | G8: =SOURCE_DATA!X5 -> 8 | H8: =SOURCE_DATA!Y5 -> 28.8 | I8: =IF(COUNTIFS($A$5:$A$144,A8,$B$5:$B$144,B8-1)=1,SUMIFS($D$5:$D$144,$A$5:$A$144,A8,$B$5:$B$144,B8-1),"N/A") -> 868 | J8: =IF(ISNUMBER(I8),"Actual "&(B8-1)&" crashes of this road","Unavailable – no "&(B8-1)&" MMARAS record (not imputed)") -> Actual 2017 crashes of this road | K8: =IF(ISNUMBER(I8),"Yes","No – excluded") -> Yes | M8: EDSA test road-years in the source (2015–2024) | N8: =COUNTIF($E$5:$E$144,"EDSA Test") -> 10
A9: =SOURCE_DATA!A5 -> PRES. QUIRINO AVE. | B9: 2019 | C9: =SOURCE_DATA!F5 -> 116767 | D9: =SOURCE_DATA!P5 -> 1127 | E9: Training | F9: =SOURCE_DATA!W5 -> 3.6 | G9: =SOURCE_DATA!X5 -> 8 | H9: =SOURCE_DATA!Y5 -> 28.8 | I9: =IF(COUNTIFS($A$5:$A$144,A9,$B$5:$B$144,B9-1)=1,SUMIFS($D$5:$D$144,$A$5:$A$144,A9,$B$5:$B$144,B9-1),"N/A") -> 953 | J9: =IF(ISNUMBER(I9),"Actual "&(B9-1)&" crashes of this road","Unavailable – no "&(B9-1)&" MMARAS record (not imputed)") -> Actual 2018 crashes of this road | K9: =IF(ISNUMBER(I9),"Yes","No – excluded") -> Yes | M9: Training observations USED (Prev available, 2016–2024) | N9: =COUNTIFS($E$5:$E$144,"Training",$K$5:$K$144,"Yes") -> 117
A10: =SOURCE_DATA!A5 -> PRES. QUIRINO AVE. | B10: 2020 | C10: =SOURCE_DATA!G5 -> 84967 | D10: =SOURCE_DATA!Q5 -> 484 | E10: Training | F10: =SOURCE_DATA!W5 -> 3.6 | G10: =SOURCE_DATA!X5 -> 8 | H10: =SOURCE_DATA!Y5 -> 28.8 | I10: =IF(COUNTIFS($A$5:$A$144,A10,$B$5:$B$144,B10-1)=1,SUMIFS($D$5:$D$144,$A$5:$A$144,A10,$B$5:$B$144,B10-1),"N/A") -> 1127 | J10: =IF(ISNUMBER(I10),"Actual "&(B10-1)&" crashes of this road","Unavailable – no "&(B10-1)&" MMARAS record (not imputed)") -> Actual 2019 crashes of this road | K10: =IF(ISNUMBER(I10),"Yes","No – excluded") -> Yes | M10: EDSA test observations USED (Prev available, 2016–2024) | N10: =COUNTIFS($E$5:$E$144,"EDSA Test",$K$5:$K$144,"Yes") -> 9
A11: =SOURCE_DATA!A5 -> PRES. QUIRINO AVE. | B11: 2021 | C11: =SOURCE_DATA!H5 -> 72582 | D11: =SOURCE_DATA!R5 -> 350 | E11: Training | F11: =SOURCE_DATA!W5 -> 3.6 | G11: =SOURCE_DATA!X5 -> 8 | H11: =SOURCE_DATA!Y5 -> 28.8 | I11: =IF(COUNTIFS($A$5:$A$144,A11,$B$5:$B$144,B11-1)=1,SUMIFS($D$5:$D$144,$A$5:$A$144,A11,$B$5:$B$144,B11-1),"N/A") -> 484 | J11: =IF(ISNUMBER(I11),"Actual "&(B11-1)&" crashes of this road","Unavailable – no "&(B11-1)&" MMARAS record (not imputed)") -> Actual 2020 crashes of this road | K11: =IF(ISNUMBER(I11),"Yes","No – excluded") -> Yes | M11: Observations excluded because Prev is unavailable (2015) | N11: =COUNTIF($K$5:$K$144,"No*") -> 14
A12: =SOURCE_DATA!A5 -> PRES. QUIRINO AVE. | B12: 2022 | C12: =SOURCE_DATA!I5 -> 147617 | D12: =SOURCE_DATA!S5 -> 808 | E12: Training | F12: =SOURCE_DATA!W5 -> 3.6 | G12: =SOURCE_DATA!X5 -> 8 | H12: =SOURCE_DATA!Y5 -> 28.8 | I12: =IF(COUNTIFS($A$5:$A$144,A12,$B$5:$B$144,B12-1)=1,SUMIFS($D$5:$D$144,$A$5:$A$144,A12,$B$5:$B$144,B12-1),"N/A") -> 350 | J12: =IF(ISNUMBER(I12),"Actual "&(B12-1)&" crashes of this road","Unavailable – no "&(B12-1)&" MMARAS record (not imputed)") -> Actual 2021 crashes of this road | K12: =IF(ISNUMBER(I12),"Yes","No – excluded") -> Yes | M12: Years covered by AADT and MMARAS | N12: =MIN($B$5:$B$144)&"–"&MAX($B$5:$B$144) -> 2015–2024
A13: =SOURCE_DATA!A5 -> PRES. QUIRINO AVE. | B13: 2023 | C13: =SOURCE_DATA!J5 -> 177881 | D13: =SOURCE_DATA!T5 -> 951 | E13: Training | F13: =SOURCE_DATA!W5 -> 3.6 | G13: =SOURCE_DATA!X5 -> 8 | H13: =SOURCE_DATA!Y5 -> 28.8 | I13: =IF(COUNTIFS($A$5:$A$144,A13,$B$5:$B$144,B13-1)=1,SUMIFS($D$5:$D$144,$A$5:$A$144,A13,$B$5:$B$144,B13-1),"N/A") -> 808 | J13: =IF(ISNUMBER(I13),"Actual "&(B13-1)&" crashes of this road","Unavailable – no "&(B13-1)&" MMARAS record (not imputed)") -> Actual 2022 crashes of this road | K13: =IF(ISNUMBER(I13),"Yes","No – excluded") -> Yes
A14: =SOURCE_DATA!A5 -> PRES. QUIRINO AVE. | B14: 2024 | C14: =SOURCE_DATA!K5 -> 195138 | D14: =SOURCE_DATA!U5 -> 1041 | E14: Training | F14: =SOURCE_DATA!W5 -> 3.6 | G14: =SOURCE_DATA!X5 -> 8 | H14: =SOURCE_DATA!Y5 -> 28.8 | I14: =IF(COUNTIFS($A$5:$A$144,A14,$B$5:$B$144,B14-1)=1,SUMIFS($D$5:$D$144,$A$5:$A$144,A14,$B$5:$B$144,B14-1),"N/A") -> 951 | J14: =IF(ISNUMBER(I14),"Actual "&(B14-1)&" crashes of this road","Unavailable – no "&(B14-1)&" MMARAS record (not imputed)") -> Actual 2023 crashes of this road | K14: =IF(ISNUMBER(I14),"Yes","No – excluded") -> Yes
A15: =SOURCE_DATA!A7 -> C.P. GARCIA /KATIPUNAN AVE. / TANDANG SORA | B15: 2015 | C15: =SOURCE_DATA!B7 -> 194119 | D15: =SOURCE_DATA!L7 -> 4598 | E15: Training | F15: =SOURCE_DATA!W7 -> 43.87 | G15: =SOURCE_DATA!X7 -> 10 | H15: =SOURCE_DATA!Y7 -> 438.7 | I15: =IF(COUNTIFS($A$5:$A$144,A15,$B$5:$B$144,B15-1)=1,SUMIFS($D$5:$D$144,$A$5:$A$144,A15,$B$5:$B$144,B15-1),"N/A") -> N/A | J15: =IF(ISNUMBER(I15),"Actual "&(B15-1)&" crashes of this road","Unavailable – no "&(B15-1)&" MMARAS record (not imputed)") -> Unavailable – no 2014 MMARAS record (not imputed) | K15: =IF(ISNUMBER(I15),"Yes","No – excluded") -> No – excluded
A16: =SOURCE_DATA!A7 -> C.P. GARCIA /KATIPUNAN AVE. / TANDANG SORA | B16: 2016 | C16: =SOURCE_DATA!C7 -> 218155 | D16: =SOURCE_DATA!M7 -> 5911 | E16: Training | F16: =SOURCE_DATA!W7 -> 43.87 | G16: =SOURCE_DATA!X7 -> 10 | H16: =SOURCE_DATA!Y7 -> 438.7 | I16: =IF(COUNTIFS($A$5:$A$144,A16,$B$5:$B$144,B16-1)=1,SUMIFS($D$5:$D$144,$A$5:$A$144,A16,$B$5:$B$144,B16-1),"N/A") -> 4598 | J16: =IF(ISNUMBER(I16),"Actual "&(B16-1)&" crashes of this road","Unavailable – no "&(B16-1)&" MMARAS record (not imputed)") -> Actual 2015 crashes of this road | K16: =IF(ISNUMBER(I16),"Yes","No – excluded") -> Yes | M16: DATA VERIFICATION AND HANDLING (documented, nothing altered)
A17: =SOURCE_DATA!A7 -> C.P. GARCIA /KATIPUNAN AVE. / TANDANG SORA | B17: 2017 | C17: =SOURCE_DATA!D7 -> 218751 | D17: =SOURCE_DATA!N7 -> 5794 | E17: Training | F17: =SOURCE_DATA!W7 -> 43.87 | G17: =SOURCE_DATA!X7 -> 10 | H17: =SOURCE_DATA!Y7 -> 438.7 | I17: =IF(COUNTIFS($A$5:$A$144,A17,$B$5:$B$144,B17-1)=1,SUMIFS($D$5:$D$144,$A$5:$A$144,A17,$B$5:$B$144,B17-1),"N/A") -> 5911 | J17: =IF(ISNUMBER(I17),"Actual "&(B17-1)&" crashes of this road","Unavailable – no "&(B17-1)&" MMARAS record (not imputed)") -> Actual 2016 crashes of this road | K17: =IF(ISNUMBER(I17),"Yes","No – excluded") -> Yes | M17: 1. Years available in BOTH datasets: AADT 2015–2024 and MMARAS 2015–2024. The source has NO 2014 MMARAS crash counts, so the 2015 record of every road has no Prev.
A18: =SOURCE_DATA!A7 -> C.P. GARCIA /KATIPUNAN AVE. / TANDANG SORA | B18: 2018 | C18: =SOURCE_DATA!E7 -> 235744 | D18: =SOURCE_DATA!O7 -> 8252 | E18: Training | F18: =SOURCE_DATA!W7 -> 43.87 | G18: =SOURCE_DATA!X7 -> 10 | H18: =SOURCE_DATA!Y7 -> 438.7 | I18: =IF(COUNTIFS($A$5:$A$144,A18,$B$5:$B$144,B18-1)=1,SUMIFS($D$5:$D$144,$A$5:$A$144,A18,$B$5:$B$144,B18-1),"N/A") -> 5794 | J18: =IF(ISNUMBER(I18),"Actual "&(B18-1)&" crashes of this road","Unavailable – no "&(B18-1)&" MMARAS record (not imputed)") -> Actual 2017 crashes of this road | K18: =IF(ISNUMBER(I18),"Yes","No – excluded") -> Yes | M18: 2015 rows are kept here for transparency, marked "No – excluded", and are NOT used in any model that needs Prev. 2014 values were NOT invented.
A19: =SOURCE_DATA!A7 -> C.P. GARCIA /KATIPUNAN AVE. / TANDANG SORA | B19: 2019 | C19: =SOURCE_DATA!F7 -> 236060 | D19: =SOURCE_DATA!P7 -> 8735 | E19: Training | F19: =SOURCE_DATA!W7 -> 43.87 | G19: =SOURCE_DATA!X7 -> 10 | H19: =SOURCE_DATA!Y7 -> 438.7 | I19: =IF(COUNTIFS($A$5:$A$144,A19,$B$5:$B$144,B19-1)=1,SUMIFS($D$5:$D$144,$A$5:$A$144,A19,$B$5:$B$144,B19-1),"N/A") -> 8252 | J19: =IF(ISNUMBER(I19),"Actual "&(B19-1)&" crashes of this road","Unavailable – no "&(B19-1)&" MMARAS record (not imputed)") -> Actual 2018 crashes of this road | K19: =IF(ISNUMBER(I19),"Yes","No – excluded") -> Yes | M19: 2. Roads: AADT file lists 20 roads; 5 (RECTO, MENDOZA, ARANETA, SHAW, A. BONIFACIO) + 1 blank row have no MMARAS record → excluded.
A20: =SOURCE_DATA!A7 -> C.P. GARCIA /KATIPUNAN AVE. / TANDANG SORA | B20: 2020 | C20: =SOURCE_DATA!G7 -> 192418 | D20: =SOURCE_DATA!Q7 -> 5208 | E20: Training | F20: =SOURCE_DATA!W7 -> 43.87 | G20: =SOURCE_DATA!X7 -> 10 | H20: =SOURCE_DATA!Y7 -> 438.7 | I20: =IF(COUNTIFS($A$5:$A$144,A20,$B$5:$B$144,B20-1)=1,SUMIFS($D$5:$D$144,$A$5:$A$144,A20,$B$5:$B$144,B20-1),"N/A") -> 8735 | J20: =IF(ISNUMBER(I20),"Actual "&(B20-1)&" crashes of this road","Unavailable – no "&(B20-1)&" MMARAS record (not imputed)") -> Actual 2019 crashes of this road | K20: =IF(ISNUMBER(I20),"Yes","No – excluded") -> Yes | M20: 3. MMARAS records Magsaysay + Aurora Blvd. as ONE road (R-6, count stored on the Magsaysay row). R-6 AADT = mean of the two AADT values (as in the study paper);
A21: =SOURCE_DATA!A7 -> C.P. GARCIA /KATIPUNAN AVE. / TANDANG SORA | B21: 2021 | C21: =SOURCE_DATA!H7 -> 212285 | D21: =SOURCE_DATA!R7 -> 5769 | E21: Training | F21: =SOURCE_DATA!W7 -> 43.87 | G21: =SOURCE_DATA!X7 -> 10 | H21: =SOURCE_DATA!Y7 -> 438.7 | I21: =IF(COUNTIFS($A$5:$A$144,A21,$B$5:$B$144,B21-1)=1,SUMIFS($D$5:$D$144,$A$5:$A$144,A21,$B$5:$B$144,B21-1),"N/A") -> 5208 | J21: =IF(ISNUMBER(I21),"Actual "&(B21-1)&" crashes of this road","Unavailable – no "&(B21-1)&" MMARAS record (not imputed)") -> Actual 2020 crashes of this road | K21: =IF(ISNUMBER(I21),"Yes","No – excluded") -> Yes | M21: R-6 length = 2.2 + 9.0 km; R-6 lanes-km = 2.2×10 + 9.0×7 = 85.0; R-6 average lanes = lanes-km ÷ length.
A22: =SOURCE_DATA!A7 -> C.P. GARCIA /KATIPUNAN AVE. / TANDANG SORA | B22: 2022 | C22: =SOURCE_DATA!I7 -> 211819 | D22: =SOURCE_DATA!S7 -> 7255 | E22: Training | F22: =SOURCE_DATA!W7 -> 43.87 | G22: =SOURCE_DATA!X7 -> 10 | H22: =SOURCE_DATA!Y7 -> 438.7 | I22: =IF(COUNTIFS($A$5:$A$144,A22,$B$5:$B$144,B22-1)=1,SUMIFS($D$5:$D$144,$A$5:$A$144,A22,$B$5:$B$144,B22-1),"N/A") -> 5769 | J22: =IF(ISNUMBER(I22),"Actual "&(B22-1)&" crashes of this road","Unavailable – no "&(B22-1)&" MMARAS record (not imputed)") -> Actual 2021 crashes of this road | K22: =IF(ISNUMBER(I22),"Yes","No – excluded") -> Yes | M22: 4. 13 non-EDSA roads = model-development (training) roads; EDSA is kept out of training and used only as the independent test road.
A23: =SOURCE_DATA!A7 -> C.P. GARCIA /KATIPUNAN AVE. / TANDANG SORA | B23: 2023 | C23: =SOURCE_DATA!J7 -> 238695 | D23: =SOURCE_DATA!T7 -> 8119 | E23: Training | F23: =SOURCE_DATA!W7 -> 43.87 | G23: =SOURCE_DATA!X7 -> 10 | H23: =SOURCE_DATA!Y7 -> 438.7 | I23: =IF(COUNTIFS($A$5:$A$144,A23,$B$5:$B$144,B23-1)=1,SUMIFS($D$5:$D$144,$A$5:$A$144,A23,$B$5:$B$144,B23-1),"N/A") -> 7255 | J23: =IF(ISNUMBER(I23),"Actual "&(B23-1)&" crashes of this road","Unavailable – no "&(B23-1)&" MMARAS record (not imputed)") -> Actual 2022 crashes of this road | K23: =IF(ISNUMBER(I23),"Yes","No – excluded") -> Yes | M23: 5. Data-quality flags (values kept as recorded): Magsaysay/R-6 crashes in 2020 = 154 (≈6% of 2019, vs 30–60% drops on other roads); MCARTHUR HIGHWAY length = 684.855 km
A24: =SOURCE_DATA!A7 -> C.P. GARCIA /KATIPUNAN AVE. / TANDANG SORA | B24: 2024 | C24: =SOURCE_DATA!K7 -> 250762 | D24: =SOURCE_DATA!U7 -> 8633 | E24: Training | F24: =SOURCE_DATA!W7 -> 43.87 | G24: =SOURCE_DATA!X7 -> 10 | H24: =SOURCE_DATA!Y7 -> 438.7 | I24: =IF(COUNTIFS($A$5:$A$144,A24,$B$5:$B$144,B24-1)=1,SUMIFS($D$5:$D$144,$A$5:$A$144,A24,$B$5:$B$144,B24-1),"N/A") -> 8119 | J24: =IF(ISNUMBER(I24),"Actual "&(B24-1)&" crashes of this road","Unavailable – no "&(B24-1)&" MMARAS record (not imputed)") -> Actual 2023 crashes of this road | K24: =IF(ISNUMBER(I24),"Yes","No – excluded") -> Yes | M24: (lanes-km 4,109) and MARCOS HIGHWAY 117.5 km are far larger than other roads and become high-leverage points for any lanes-km term; Aurora has no separate crash count.
A25: =SOURCE_DATA!A8 -> ROXAS BLVD. | B25: 2015 | C25: =SOURCE_DATA!B8 -> 173195 | D25: =SOURCE_DATA!L8 -> 1528 | E25: Training | F25: =SOURCE_DATA!W8 -> 7.6 | G25: =SOURCE_DATA!X8 -> 8 | H25: =SOURCE_DATA!Y8 -> 60.8 | I25: =IF(COUNTIFS($A$5:$A$144,A25,$B$5:$B$144,B25-1)=1,SUMIFS($D$5:$D$144,$A$5:$A$144,A25,$B$5:$B$144,B25-1),"N/A") -> N/A | J25: =IF(ISNUMBER(I25),"Actual "&(B25-1)&" crashes of this road","Unavailable – no "&(B25-1)&" MMARAS record (not imputed)") -> Unavailable – no 2014 MMARAS record (not imputed) | K25: =IF(ISNUMBER(I25),"Yes","No – excluded") -> No – excluded | M25: 6. Prev formula: =IF(COUNTIFS(Road, Year−1)=1, SUMIFS(Crashes, Road, Year−1), "N/A") → matched by BOTH road and year, never by adjacent row.
A26: =SOURCE_DATA!A8 -> ROXAS BLVD. | B26: 2016 | C26: =SOURCE_DATA!C8 -> 175185 | D26: =SOURCE_DATA!M8 -> 1877 | E26: Training | F26: =SOURCE_DATA!W8 -> 7.6 | G26: =SOURCE_DATA!X8 -> 8 | H26: =SOURCE_DATA!Y8 -> 60.8 | I26: =IF(COUNTIFS($A$5:$A$144,A26,$B$5:$B$144,B26-1)=1,SUMIFS($D$5:$D$144,$A$5:$A$144,A26,$B$5:$B$144,B26-1),"N/A") -> 1528 | J26: =IF(ISNUMBER(I26),"Actual "&(B26-1)&" crashes of this road","Unavailable – no "&(B26-1)&" MMARAS record (not imputed)") -> Actual 2015 crashes of this road | K26: =IF(ISNUMBER(I26),"Yes","No – excluded") -> Yes | M26: Colour legend: Blue = typed input | Green = link to SOURCE_DATA | Black = formula | Green fill = result | Orange fill = EDSA test rows.
A27: =SOURCE_DATA!A8 -> ROXAS BLVD. | B27: 2017 | C27: =SOURCE_DATA!D8 -> 191120 | D27: =SOURCE_DATA!N8 -> 2365 | E27: Training | F27: =SOURCE_DATA!W8 -> 7.6 | G27: =SOURCE_DATA!X8 -> 8 | H27: =SOURCE_DATA!Y8 -> 60.8 | I27: =IF(COUNTIFS($A$5:$A$144,A27,$B$5:$B$144,B27-1)=1,SUMIFS($D$5:$D$144,$A$5:$A$144,A27,$B$5:$B$144,B27-1),"N/A") -> 1877 | J27: =IF(ISNUMBER(I27),"Actual "&(B27-1)&" crashes of this road","Unavailable – no "&(B27-1)&" MMARAS record (not imputed)") -> Actual 2016 crashes of this road | K27: =IF(ISNUMBER(I27),"Yes","No – excluded") -> Yes
A28: =SOURCE_DATA!A8 -> ROXAS BLVD. | B28: 2018 | C28: =SOURCE_DATA!E8 -> 203487 | D28: =SOURCE_DATA!O8 -> 2540 | E28: Training | F28: =SOURCE_DATA!W8 -> 7.6 | G28: =SOURCE_DATA!X8 -> 8 | H28: =SOURCE_DATA!Y8 -> 60.8 | I28: =IF(COUNTIFS($A$5:$A$144,A28,$B$5:$B$144,B28-1)=1,SUMIFS($D$5:$D$144,$A$5:$A$144,A28,$B$5:$B$144,B28-1),"N/A") -> 2365 | J28: =IF(ISNUMBER(I28),"Actual "&(B28-1)&" crashes of this road","Unavailable – no "&(B28-1)&" MMARAS record (not imputed)") -> Actual 2017 crashes of this road | K28: =IF(ISNUMBER(I28),"Yes","No – excluded") -> Yes
A29: =SOURCE_DATA!A8 -> ROXAS BLVD. | B29: 2019 | C29: =SOURCE_DATA!F8 -> 203582 | D29: =SOURCE_DATA!P8 -> 2737 | E29: Training | F29: =SOURCE_DATA!W8 -> 7.6 | G29: =SOURCE_DATA!X8 -> 8 | H29: =SOURCE_DATA!Y8 -> 60.8 | I29: =IF(COUNTIFS($A$5:$A$144,A29,$B$5:$B$144,B29-1)=1,SUMIFS($D$5:$D$144,$A$5:$A$144,A29,$B$5:$B$144,B29-1),"N/A") -> 2540 | J29: =IF(ISNUMBER(I29),"Actual "&(B29-1)&" crashes of this road","Unavailable – no "&(B29-1)&" MMARAS record (not imputed)") -> Actual 2018 crashes of this road | K29: =IF(ISNUMBER(I29),"Yes","No – excluded") -> Yes
A30: =SOURCE_DATA!A8 -> ROXAS BLVD. | B30: 2020 | C30: =SOURCE_DATA!G8 -> 190626 | D30: =SOURCE_DATA!Q8 -> 1401 | E30: Training | F30: =SOURCE_DATA!W8 -> 7.6 | G30: =SOURCE_DATA!X8 -> 8 | H30: =SOURCE_DATA!Y8 -> 60.8 | I30: =IF(COUNTIFS($A$5:$A$144,A30,$B$5:$B$144,B30-1)=1,SUMIFS($D$5:$D$144,$A$5:$A$144,A30,$B$5:$B$144,B30-1),"N/A") -> 2737 | J30: =IF(ISNUMBER(I30),"Actual "&(B30-1)&" crashes of this road","Unavailable – no "&(B30-1)&" MMARAS record (not imputed)") -> Actual 2019 crashes of this road | K30: =IF(ISNUMBER(I30),"Yes","No – excluded") -> Yes
A31: =SOURCE_DATA!A8 -> ROXAS BLVD. | B31: 2021 | C31: =SOURCE_DATA!H8 -> 209339 | D31: =SOURCE_DATA!R8 -> 1283 | E31: Training | F31: =SOURCE_DATA!W8 -> 7.6 | G31: =SOURCE_DATA!X8 -> 8 | H31: =SOURCE_DATA!Y8 -> 60.8 | I31: =IF(COUNTIFS($A$5:$A$144,A31,$B$5:$B$144,B31-1)=1,SUMIFS($D$5:$D$144,$A$5:$A$144,A31,$B$5:$B$144,B31-1),"N/A") -> 1401 | J31: =IF(ISNUMBER(I31),"Actual "&(B31-1)&" crashes of this road","Unavailable – no "&(B31-1)&" MMARAS record (not imputed)") -> Actual 2020 crashes of this road | K31: =IF(ISNUMBER(I31),"Yes","No – excluded") -> Yes
A32: =SOURCE_DATA!A8 -> ROXAS BLVD. | B32: 2022 | C32: =SOURCE_DATA!I8 -> 186079 | D32: =SOURCE_DATA!S8 -> 1786 | E32: Training | F32: =SOURCE_DATA!W8 -> 7.6 | G32: =SOURCE_DATA!X8 -> 8 | H32: =SOURCE_DATA!Y8 -> 60.8 | I32: =IF(COUNTIFS($A$5:$A$144,A32,$B$5:$B$144,B32-1)=1,SUMIFS($D$5:$D$144,$A$5:$A$144,A32,$B$5:$B$144,B32-1),"N/A") -> 1283 | J32: =IF(ISNUMBER(I32),"Actual "&(B32-1)&" crashes of this road","Unavailable – no "&(B32-1)&" MMARAS record (not imputed)") -> Actual 2021 crashes of this road | K32: =IF(ISNUMBER(I32),"Yes","No – excluded") -> Yes
A33: =SOURCE_DATA!A8 -> ROXAS BLVD. | B33: 2023 | C33: =SOURCE_DATA!J8 -> 190184 | D33: =SOURCE_DATA!T8 -> 1817 | E33: Training | F33: =SOURCE_DATA!W8 -> 7.6 | G33: =SOURCE_DATA!X8 -> 8 | H33: =SOURCE_DATA!Y8 -> 60.8 | I33: =IF(COUNTIFS($A$5:$A$144,A33,$B$5:$B$144,B33-1)=1,SUMIFS($D$5:$D$144,$A$5:$A$144,A33,$B$5:$B$144,B33-1),"N/A") -> 1786 | J33: =IF(ISNUMBER(I33),"Actual "&(B33-1)&" crashes of this road","Unavailable – no "&(B33-1)&" MMARAS record (not imputed)") -> Actual 2022 crashes of this road | K33: =IF(ISNUMBER(I33),"Yes","No – excluded") -> Yes
A34: =SOURCE_DATA!A8 -> ROXAS BLVD. | B34: 2024 | C34: =SOURCE_DATA!K8 -> 202820 | D34: =SOURCE_DATA!U8 -> 1659 | E34: Training | F34: =SOURCE_DATA!W8 -> 7.6 | G34: =SOURCE_DATA!X8 -> 8 | H34: =SOURCE_DATA!Y8 -> 60.8 | I34: =IF(COUNTIFS($A$5:$A$144,A34,$B$5:$B$144,B34-1)=1,SUMIFS($D$5:$D$144,$A$5:$A$144,A34,$B$5:$B$144,B34-1),"N/A") -> 1817 | J34: =IF(ISNUMBER(I34),"Actual "&(B34-1)&" crashes of this road","Unavailable – no "&(B34-1)&" MMARAS record (not imputed)") -> Actual 2023 crashes of this road | K34: =IF(ISNUMBER(I34),"Yes","No – excluded") -> Yes
A35: =SOURCE_DATA!A9 -> TAFT AVE. | B35: 2015 | C35: =SOURCE_DATA!B9 -> 91185 | D35: =SOURCE_DATA!L9 -> 789 | E35: Training | F35: =SOURCE_DATA!W9 -> 7 | G35: =SOURCE_DATA!X9 -> 6 | H35: =SOURCE_DATA!Y9 -> 42 | I35: =IF(COUNTIFS($A$5:$A$144,A35,$B$5:$B$144,B35-1)=1,SUMIFS($D$5:$D$144,$A$5:$A$144,A35,$B$5:$B$144,B35-1),"N/A") -> N/A | J35: =IF(ISNUMBER(I35),"Actual "&(B35-1)&" crashes of this road","Unavailable – no "&(B35-1)&" MMARAS record (not imputed)") -> Unavailable – no 2014 MMARAS record (not imputed) | K35: =IF(ISNUMBER(I35),"Yes","No – excluded") -> No – excluded
A36: =SOURCE_DATA!A9 -> TAFT AVE. | B36: 2016 | C36: =SOURCE_DATA!C9 -> 89848 | D36: =SOURCE_DATA!M9 -> 979 | E36: Training | F36: =SOURCE_DATA!W9 -> 7 | G36: =SOURCE_DATA!X9 -> 6 | H36: =SOURCE_DATA!Y9 -> 42 | I36: =IF(COUNTIFS($A$5:$A$144,A36,$B$5:$B$144,B36-1)=1,SUMIFS($D$5:$D$144,$A$5:$A$144,A36,$B$5:$B$144,B36-1),"N/A") -> 789 | J36: =IF(ISNUMBER(I36),"Actual "&(B36-1)&" crashes of this road","Unavailable – no "&(B36-1)&" MMARAS record (not imputed)") -> Actual 2015 crashes of this road | K36: =IF(ISNUMBER(I36),"Yes","No – excluded") -> Yes
A37: =SOURCE_DATA!A9 -> TAFT AVE. | B37: 2017 | C37: =SOURCE_DATA!D9 -> 90586 | D37: =SOURCE_DATA!N9 -> 937 | E37: Training | F37: =SOURCE_DATA!W9 -> 7 | G37: =SOURCE_DATA!X9 -> 6 | H37: =SOURCE_DATA!Y9 -> 42 | I37: =IF(COUNTIFS($A$5:$A$144,A37,$B$5:$B$144,B37-1)=1,SUMIFS($D$5:$D$144,$A$5:$A$144,A37,$B$5:$B$144,B37-1),"N/A") -> 979 | J37: =IF(ISNUMBER(I37),"Actual "&(B37-1)&" crashes of this road","Unavailable – no "&(B37-1)&" MMARAS record (not imputed)") -> Actual 2016 crashes of this road | K37: =IF(ISNUMBER(I37),"Yes","No – excluded") -> Yes
A38: =SOURCE_DATA!A9 -> TAFT AVE. | B38: 2018 | C38: =SOURCE_DATA!E9 -> 91766 | D38: =SOURCE_DATA!O9 -> 930 | E38: Training | F38: =SOURCE_DATA!W9 -> 7 | G38: =SOURCE_DATA!X9 -> 6 | H38: =SOURCE_DATA!Y9 -> 42 | I38: =IF(COUNTIFS($A$5:$A$144,A38,$B$5:$B$144,B38-1)=1,SUMIFS($D$5:$D$144,$A$5:$A$144,A38,$B$5:$B$144,B38-1),"N/A") -> 937 | J38: =IF(ISNUMBER(I38),"Actual "&(B38-1)&" crashes of this road","Unavailable – no "&(B38-1)&" MMARAS record (not imputed)") -> Actual 2017 crashes of this road | K38: =IF(ISNUMBER(I38),"Yes","No – excluded") -> Yes
A39: =SOURCE_DATA!A9 -> TAFT AVE. | B39: 2019 | C39: =SOURCE_DATA!F9 -> 100065 | D39: =SOURCE_DATA!P9 -> 1101 | E39: Training | F39: =SOURCE_DATA!W9 -> 7 | G39: =SOURCE_DATA!X9 -> 6 | H39: =SOURCE_DATA!Y9 -> 42 | I39: =IF(COUNTIFS($A$5:$A$144,A39,$B$5:$B$144,B39-1)=1,SUMIFS($D$5:$D$144,$A$5:$A$144,A39,$B$5:$B$144,B39-1),"N/A") -> 930 | J39: =IF(ISNUMBER(I39),"Actual "&(B39-1)&" crashes of this road","Unavailable – no "&(B39-1)&" MMARAS record (not imputed)") -> Actual 2018 crashes of this road | K39: =IF(ISNUMBER(I39),"Yes","No – excluded") -> Yes
A40: =SOURCE_DATA!A9 -> TAFT AVE. | B40: 2020 | C40: =SOURCE_DATA!G9 -> 110916 | D40: =SOURCE_DATA!Q9 -> 502 | E40: Training | F40: =SOURCE_DATA!W9 -> 7 | G40: =SOURCE_DATA!X9 -> 6 | H40: =SOURCE_DATA!Y9 -> 42 | I40: =IF(COUNTIFS($A$5:$A$144,A40,$B$5:$B$144,B40-1)=1,SUMIFS($D$5:$D$144,$A$5:$A$144,A40,$B$5:$B$144,B40-1),"N/A") -> 1101 | J40: =IF(ISNUMBER(I40),"Actual "&(B40-1)&" crashes of this road","Unavailable – no "&(B40-1)&" MMARAS record (not imputed)") -> Actual 2019 crashes of this road | K40: =IF(ISNUMBER(I40),"Yes","No – excluded") -> Yes
A41: =SOURCE_DATA!A9 -> TAFT AVE. | B41: 2021 | C41: =SOURCE_DATA!H9 -> 114715 | D41: =SOURCE_DATA!R9 -> 395 | E41: Training | F41: =SOURCE_DATA!W9 -> 7 | G41: =SOURCE_DATA!X9 -> 6 | H41: =SOURCE_DATA!Y9 -> 42 | I41: =IF(COUNTIFS($A$5:$A$144,A41,$B$5:$B$144,B41-1)=1,SUMIFS($D$5:$D$144,$A$5:$A$144,A41,$B$5:$B$144,B41-1),"N/A") -> 502 | J41: =IF(ISNUMBER(I41),"Actual "&(B41-1)&" crashes of this road","Unavailable – no "&(B41-1)&" MMARAS record (not imputed)") -> Actual 2020 crashes of this road | K41: =IF(ISNUMBER(I41),"Yes","No – excluded") -> Yes
A42: =SOURCE_DATA!A9 -> TAFT AVE. | B42: 2022 | C42: =SOURCE_DATA!I9 -> 194464 | D42: =SOURCE_DATA!S9 -> 538 | E42: Training | F42: =SOURCE_DATA!W9 -> 7 | G42: =SOURCE_DATA!X9 -> 6 | H42: =SOURCE_DATA!Y9 -> 42 | I42: =IF(COUNTIFS($A$5:$A$144,A42,$B$5:$B$144,B42-1)=1,SUMIFS($D$5:$D$144,$A$5:$A$144,A42,$B$5:$B$144,B42-1),"N/A") -> 395 | J42: =IF(ISNUMBER(I42),"Actual "&(B42-1)&" crashes of this road","Unavailable – no "&(B42-1)&" MMARAS record (not imputed)") -> Actual 2021 crashes of this road | K42: =IF(ISNUMBER(I42),"Yes","No – excluded") -> Yes
A43: =SOURCE_DATA!A9 -> TAFT AVE. | B43: 2023 | C43: =SOURCE_DATA!J9 -> 134321 | D43: =SOURCE_DATA!T9 -> 587 | E43: Training | F43: =SOURCE_DATA!W9 -> 7 | G43: =SOURCE_DATA!X9 -> 6 | H43: =SOURCE_DATA!Y9 -> 42 | I43: =IF(COUNTIFS($A$5:$A$144,A43,$B$5:$B$144,B43-1)=1,SUMIFS($D$5:$D$144,$A$5:$A$144,A43,$B$5:$B$144,B43-1),"N/A") -> 538 | J43: =IF(ISNUMBER(I43),"Actual "&(B43-1)&" crashes of this road","Unavailable – no "&(B43-1)&" MMARAS record (not imputed)") -> Actual 2022 crashes of this road | K43: =IF(ISNUMBER(I43),"Yes","No – excluded") -> Yes
A44: =SOURCE_DATA!A9 -> TAFT AVE. | B44: 2024 | C44: =SOURCE_DATA!K9 -> 119119 | D44: =SOURCE_DATA!U9 -> 481 | E44: Training | F44: =SOURCE_DATA!W9 -> 7 | G44: =SOURCE_DATA!X9 -> 6 | H44: =SOURCE_DATA!Y9 -> 42 | I44: =IF(COUNTIFS($A$5:$A$144,A44,$B$5:$B$144,B44-1)=1,SUMIFS($D$5:$D$144,$A$5:$A$144,A44,$B$5:$B$144,B44-1),"N/A") -> 587 | J44: =IF(ISNUMBER(I44),"Actual "&(B44-1)&" crashes of this road","Unavailable – no "&(B44-1)&" MMARAS record (not imputed)") -> Actual 2023 crashes of this road | K44: =IF(ISNUMBER(I44),"Yes","No – excluded") -> Yes
A45: =SOURCE_DATA!A10 -> SSH | B45: 2015 | C45: =SOURCE_DATA!B10 -> 126567 | D45: =SOURCE_DATA!L10 -> 1481 | E45: Training | F45: =SOURCE_DATA!W10 -> 49.56 | G45: =SOURCE_DATA!X10 -> 8 | H45: =SOURCE_DATA!Y10 -> 396.48 | I45: =IF(COUNTIFS($A$5:$A$144,A45,$B$5:$B$144,B45-1)=1,SUMIFS($D$5:$D$144,$A$5:$A$144,A45,$B$5:$B$144,B45-1),"N/A") -> N/A | J45: =IF(ISNUMBER(I45),"Actual "&(B45-1)&" crashes of this road","Unavailable – no "&(B45-1)&" MMARAS record (not imputed)") -> Unavailable – no 2014 MMARAS record (not imputed) | K45: =IF(ISNUMBER(I45),"Yes","No – excluded") -> No – excluded
A46: =SOURCE_DATA!A10 -> SSH | B46: 2016 | C46: =SOURCE_DATA!C10 -> 99923 | D46: =SOURCE_DATA!M10 -> 1075 | E46: Training | F46: =SOURCE_DATA!W10 -> 49.56 | G46: =SOURCE_DATA!X10 -> 8 | H46: =SOURCE_DATA!Y10 -> 396.48 | I46: =IF(COUNTIFS($A$5:$A$144,A46,$B$5:$B$144,B46-1)=1,SUMIFS($D$5:$D$144,$A$5:$A$144,A46,$B$5:$B$144,B46-1),"N/A") -> 1481 | J46: =IF(ISNUMBER(I46),"Actual "&(B46-1)&" crashes of this road","Unavailable – no "&(B46-1)&" MMARAS record (not imputed)") -> Actual 2015 crashes of this road | K46: =IF(ISNUMBER(I46),"Yes","No – excluded") -> Yes
A47: =SOURCE_DATA!A10 -> SSH | B47: 2017 | C47: =SOURCE_DATA!D10 -> 103377 | D47: =SOURCE_DATA!N10 -> 970 | E47: Training | F47: =SOURCE_DATA!W10 -> 49.56 | G47: =SOURCE_DATA!X10 -> 8 | H47: =SOURCE_DATA!Y10 -> 396.48 | I47: =IF(COUNTIFS($A$5:$A$144,A47,$B$5:$B$144,B47-1)=1,SUMIFS($D$5:$D$144,$A$5:$A$144,A47,$B$5:$B$144,B47-1),"N/A") -> 1075 | J47: =IF(ISNUMBER(I47),"Actual "&(B47-1)&" crashes of this road","Unavailable – no "&(B47-1)&" MMARAS record (not imputed)") -> Actual 2016 crashes of this road | K47: =IF(ISNUMBER(I47),"Yes","No – excluded") -> Yes
A48: =SOURCE_DATA!A10 -> SSH | B48: 2018 | C48: =SOURCE_DATA!E10 -> 100909 | D48: =SOURCE_DATA!O10 -> 1130 | E48: Training | F48: =SOURCE_DATA!W10 -> 49.56 | G48: =SOURCE_DATA!X10 -> 8 | H48: =SOURCE_DATA!Y10 -> 396.48 | I48: =IF(COUNTIFS($A$5:$A$144,A48,$B$5:$B$144,B48-1)=1,SUMIFS($D$5:$D$144,$A$5:$A$144,A48,$B$5:$B$144,B48-1),"N/A") -> 970 | J48: =IF(ISNUMBER(I48),"Actual "&(B48-1)&" crashes of this road","Unavailable – no "&(B48-1)&" MMARAS record (not imputed)") -> Actual 2017 crashes of this road | K48: =IF(ISNUMBER(I48),"Yes","No – excluded") -> Yes
A49: =SOURCE_DATA!A10 -> SSH | B49: 2019 | C49: =SOURCE_DATA!F10 -> 130434 | D49: =SOURCE_DATA!P10 -> 1293 | E49: Training | F49: =SOURCE_DATA!W10 -> 49.56 | G49: =SOURCE_DATA!X10 -> 8 | H49: =SOURCE_DATA!Y10 -> 396.48 | I49: =IF(COUNTIFS($A$5:$A$144,A49,$B$5:$B$144,B49-1)=1,SUMIFS($D$5:$D$144,$A$5:$A$144,A49,$B$5:$B$144,B49-1),"N/A") -> 1130 | J49: =IF(ISNUMBER(I49),"Actual "&(B49-1)&" crashes of this road","Unavailable – no "&(B49-1)&" MMARAS record (not imputed)") -> Actual 2018 crashes of this road | K49: =IF(ISNUMBER(I49),"Yes","No – excluded") -> Yes
A50: =SOURCE_DATA!A10 -> SSH | B50: 2020 | C50: =SOURCE_DATA!G10 -> 142755 | D50: =SOURCE_DATA!Q10 -> 639 | E50: Training | F50: =SOURCE_DATA!W10 -> 49.56 | G50: =SOURCE_DATA!X10 -> 8 | H50: =SOURCE_DATA!Y10 -> 396.48 | I50: =IF(COUNTIFS($A$5:$A$144,A50,$B$5:$B$144,B50-1)=1,SUMIFS($D$5:$D$144,$A$5:$A$144,A50,$B$5:$B$144,B50-1),"N/A") -> 1293 | J50: =IF(ISNUMBER(I50),"Actual "&(B50-1)&" crashes of this road","Unavailable – no "&(B50-1)&" MMARAS record (not imputed)") -> Actual 2019 crashes of this road | K50: =IF(ISNUMBER(I50),"Yes","No – excluded") -> Yes
A51: =SOURCE_DATA!A10 -> SSH | B51: 2021 | C51: =SOURCE_DATA!H10 -> 187189 | D51: =SOURCE_DATA!R10 -> 223 | E51: Training | F51: =SOURCE_DATA!W10 -> 49.56 | G51: =SOURCE_DATA!X10 -> 8 | H51: =SOURCE_DATA!Y10 -> 396.48 | I51: =IF(COUNTIFS($A$5:$A$144,A51,$B$5:$B$144,B51-1)=1,SUMIFS($D$5:$D$144,$A$5:$A$144,A51,$B$5:$B$144,B51-1),"N/A") -> 639 | J51: =IF(ISNUMBER(I51),"Actual "&(B51-1)&" crashes of this road","Unavailable – no "&(B51-1)&" MMARAS record (not imputed)") -> Actual 2020 crashes of this road | K51: =IF(ISNUMBER(I51),"Yes","No – excluded") -> Yes
A52: =SOURCE_DATA!A10 -> SSH | B52: 2022 | C52: =SOURCE_DATA!I10 -> 260549 | D52: =SOURCE_DATA!S10 -> 909 | E52: Training | F52: =SOURCE_DATA!W10 -> 49.56 | G52: =SOURCE_DATA!X10 -> 8 | H52: =SOURCE_DATA!Y10 -> 396.48 | I52: =IF(COUNTIFS($A$5:$A$144,A52,$B$5:$B$144,B52-1)=1,SUMIFS($D$5:$D$144,$A$5:$A$144,A52,$B$5:$B$144,B52-1),"N/A") -> 223 | J52: =IF(ISNUMBER(I52),"Actual "&(B52-1)&" crashes of this road","Unavailable – no "&(B52-1)&" MMARAS record (not imputed)") -> Actual 2021 crashes of this road | K52: =IF(ISNUMBER(I52),"Yes","No – excluded") -> Yes
A53: =SOURCE_DATA!A10 -> SSH | B53: 2023 | C53: =SOURCE_DATA!J10 -> 176904 | D53: =SOURCE_DATA!T10 -> 947 | E53: Training | F53: =SOURCE_DATA!W10 -> 49.56 | G53: =SOURCE_DATA!X10 -> 8 | H53: =SOURCE_DATA!Y10 -> 396.48 | I53: =IF(COUNTIFS($A$5:$A$144,A53,$B$5:$B$144,B53-1)=1,SUMIFS($D$5:$D$144,$A$5:$A$144,A53,$B$5:$B$144,B53-1),"N/A") -> 909 | J53: =IF(ISNUMBER(I53),"Actual "&(B53-1)&" crashes of this road","Unavailable – no "&(B53-1)&" MMARAS record (not imputed)") -> Actual 2022 crashes of this road | K53: =IF(ISNUMBER(I53),"Yes","No – excluded") -> Yes
A54: =SOURCE_DATA!A10 -> SSH | B54: 2024 | C54: =SOURCE_DATA!K10 -> 193641 | D54: =SOURCE_DATA!U10 -> 1040 | E54: Training | F54: =SOURCE_DATA!W10 -> 49.56 | G54: =SOURCE_DATA!X10 -> 8 | H54: =SOURCE_DATA!Y10 -> 396.48 | I54: =IF(COUNTIFS($A$5:$A$144,A54,$B$5:$B$144,B54-1)=1,SUMIFS($D$5:$D$144,$A$5:$A$144,A54,$B$5:$B$144,B54-1),"N/A") -> 947 | J54: =IF(ISNUMBER(I54),"Actual "&(B54-1)&" crashes of this road","Unavailable – no "&(B54-1)&" MMARAS record (not imputed)") -> Actual 2023 crashes of this road | K54: =IF(ISNUMBER(I54),"Yes","No – excluded") -> Yes
A55: =SOURCE_DATA!A11 -> ORTIGAS AVE. | B55: 2015 | C55: =SOURCE_DATA!B11 -> 121433 | D55: =SOURCE_DATA!L11 -> 1973 | E55: Training | F55: =SOURCE_DATA!W11 -> 12.1 | G55: =SOURCE_DATA!X11 -> 6 | H55: =SOURCE_DATA!Y11 -> 72.6 | I55: =IF(COUNTIFS($A$5:$A$144,A55,$B$5:$B$144,B55-1)=1,SUMIFS($D$5:$D$144,$A$5:$A$144,A55,$B$5:$B$144,B55-1),"N/A") -> N/A | J55: =IF(ISNUMBER(I55),"Actual "&(B55-1)&" crashes of this road","Unavailable – no "&(B55-1)&" MMARAS record (not imputed)") -> Unavailable – no 2014 MMARAS record (not imputed) | K55: =IF(ISNUMBER(I55),"Yes","No – excluded") -> No – excluded
A56: =SOURCE_DATA!A11 -> ORTIGAS AVE. | B56: 2016 | C56: =SOURCE_DATA!C11 -> 153425 | D56: =SOURCE_DATA!M11 -> 2289 | E56: Training | F56: =SOURCE_DATA!W11 -> 12.1 | G56: =SOURCE_DATA!X11 -> 6 | H56: =SOURCE_DATA!Y11 -> 72.6 | I56: =IF(COUNTIFS($A$5:$A$144,A56,$B$5:$B$144,B56-1)=1,SUMIFS($D$5:$D$144,$A$5:$A$144,A56,$B$5:$B$144,B56-1),"N/A") -> 1973 | J56: =IF(ISNUMBER(I56),"Actual "&(B56-1)&" crashes of this road","Unavailable – no "&(B56-1)&" MMARAS record (not imputed)") -> Actual 2015 crashes of this road | K56: =IF(ISNUMBER(I56),"Yes","No – excluded") -> Yes
A57: =SOURCE_DATA!A11 -> ORTIGAS AVE. | B57: 2017 | C57: =SOURCE_DATA!D11 -> 153955 | D57: =SOURCE_DATA!N11 -> 2006 | E57: Training | F57: =SOURCE_DATA!W11 -> 12.1 | G57: =SOURCE_DATA!X11 -> 6 | H57: =SOURCE_DATA!Y11 -> 72.6 | I57: =IF(COUNTIFS($A$5:$A$144,A57,$B$5:$B$144,B57-1)=1,SUMIFS($D$5:$D$144,$A$5:$A$144,A57,$B$5:$B$144,B57-1),"N/A") -> 2289 | J57: =IF(ISNUMBER(I57),"Actual "&(B57-1)&" crashes of this road","Unavailable – no "&(B57-1)&" MMARAS record (not imputed)") -> Actual 2016 crashes of this road | K57: =IF(ISNUMBER(I57),"Yes","No – excluded") -> Yes
A58: =SOURCE_DATA!A11 -> ORTIGAS AVE. | B58: 2018 | C58: =SOURCE_DATA!E11 -> 174480 | D58: =SOURCE_DATA!O11 -> 2683 | E58: Training | F58: =SOURCE_DATA!W11 -> 12.1 | G58: =SOURCE_DATA!X11 -> 6 | H58: =SOURCE_DATA!Y11 -> 72.6 | I58: =IF(COUNTIFS($A$5:$A$144,A58,$B$5:$B$144,B58-1)=1,SUMIFS($D$5:$D$144,$A$5:$A$144,A58,$B$5:$B$144,B58-1),"N/A") -> 2006 | J58: =IF(ISNUMBER(I58),"Actual "&(B58-1)&" crashes of this road","Unavailable – no "&(B58-1)&" MMARAS record (not imputed)") -> Actual 2017 crashes of this road | K58: =IF(ISNUMBER(I58),"Yes","No – excluded") -> Yes
A59: =SOURCE_DATA!A11 -> ORTIGAS AVE. | B59: 2019 | C59: =SOURCE_DATA!F11 -> 180737 | D59: =SOURCE_DATA!P11 -> 2922 | E59: Training | F59: =SOURCE_DATA!W11 -> 12.1 | G59: =SOURCE_DATA!X11 -> 6 | H59: =SOURCE_DATA!Y11 -> 72.6 | I59: =IF(COUNTIFS($A$5:$A$144,A59,$B$5:$B$144,B59-1)=1,SUMIFS($D$5:$D$144,$A$5:$A$144,A59,$B$5:$B$144,B59-1),"N/A") -> 2683 | J59: =IF(ISNUMBER(I59),"Actual "&(B59-1)&" crashes of this road","Unavailable – no "&(B59-1)&" MMARAS record (not imputed)") -> Actual 2018 crashes of this road | K59: =IF(ISNUMBER(I59),"Yes","No – excluded") -> Yes
A60: =SOURCE_DATA!A11 -> ORTIGAS AVE. | B60: 2020 | C60: =SOURCE_DATA!G11 -> 172490 | D60: =SOURCE_DATA!Q11 -> 1266 | E60: Training | F60: =SOURCE_DATA!W11 -> 12.1 | G60: =SOURCE_DATA!X11 -> 6 | H60: =SOURCE_DATA!Y11 -> 72.6 | I60: =IF(COUNTIFS($A$5:$A$144,A60,$B$5:$B$144,B60-1)=1,SUMIFS($D$5:$D$144,$A$5:$A$144,A60,$B$5:$B$144,B60-1),"N/A") -> 2922 | J60: =IF(ISNUMBER(I60),"Actual "&(B60-1)&" crashes of this road","Unavailable – no "&(B60-1)&" MMARAS record (not imputed)") -> Actual 2019 crashes of this road | K60: =IF(ISNUMBER(I60),"Yes","No – excluded") -> Yes
A61: =SOURCE_DATA!A11 -> ORTIGAS AVE. | B61: 2021 | C61: =SOURCE_DATA!H11 -> 185699 | D61: =SOURCE_DATA!R11 -> 1080 | E61: Training | F61: =SOURCE_DATA!W11 -> 12.1 | G61: =SOURCE_DATA!X11 -> 6 | H61: =SOURCE_DATA!Y11 -> 72.6 | I61: =IF(COUNTIFS($A$5:$A$144,A61,$B$5:$B$144,B61-1)=1,SUMIFS($D$5:$D$144,$A$5:$A$144,A61,$B$5:$B$144,B61-1),"N/A") -> 1266 | J61: =IF(ISNUMBER(I61),"Actual "&(B61-1)&" crashes of this road","Unavailable – no "&(B61-1)&" MMARAS record (not imputed)") -> Actual 2020 crashes of this road | K61: =IF(ISNUMBER(I61),"Yes","No – excluded") -> Yes
A62: =SOURCE_DATA!A11 -> ORTIGAS AVE. | B62: 2022 | C62: =SOURCE_DATA!I11 -> 179661 | D62: =SOURCE_DATA!S11 -> 1349 | E62: Training | F62: =SOURCE_DATA!W11 -> 12.1 | G62: =SOURCE_DATA!X11 -> 6 | H62: =SOURCE_DATA!Y11 -> 72.6 | I62: =IF(COUNTIFS($A$5:$A$144,A62,$B$5:$B$144,B62-1)=1,SUMIFS($D$5:$D$144,$A$5:$A$144,A62,$B$5:$B$144,B62-1),"N/A") -> 1080 | J62: =IF(ISNUMBER(I62),"Actual "&(B62-1)&" crashes of this road","Unavailable – no "&(B62-1)&" MMARAS record (not imputed)") -> Actual 2021 crashes of this road | K62: =IF(ISNUMBER(I62),"Yes","No – excluded") -> Yes
A63: =SOURCE_DATA!A11 -> ORTIGAS AVE. | B63: 2023 | C63: =SOURCE_DATA!J11 -> 146597 | D63: =SOURCE_DATA!T11 -> 2167 | E63: Training | F63: =SOURCE_DATA!W11 -> 12.1 | G63: =SOURCE_DATA!X11 -> 6 | H63: =SOURCE_DATA!Y11 -> 72.6 | I63: =IF(COUNTIFS($A$5:$A$144,A63,$B$5:$B$144,B63-1)=1,SUMIFS($D$5:$D$144,$A$5:$A$144,A63,$B$5:$B$144,B63-1),"N/A") -> 1349 | J63: =IF(ISNUMBER(I63),"Actual "&(B63-1)&" crashes of this road","Unavailable – no "&(B63-1)&" MMARAS record (not imputed)") -> Actual 2022 crashes of this road | K63: =IF(ISNUMBER(I63),"Yes","No – excluded") -> Yes
A64: =SOURCE_DATA!A11 -> ORTIGAS AVE. | B64: 2024 | C64: =SOURCE_DATA!K11 -> 188765 | D64: =SOURCE_DATA!U11 -> 1930 | E64: Training | F64: =SOURCE_DATA!W11 -> 12.1 | G64: =SOURCE_DATA!X11 -> 6 | H64: =SOURCE_DATA!Y11 -> 72.6 | I64: =IF(COUNTIFS($A$5:$A$144,A64,$B$5:$B$144,B64-1)=1,SUMIFS($D$5:$D$144,$A$5:$A$144,A64,$B$5:$B$144,B64-1),"N/A") -> 2167 | J64: =IF(ISNUMBER(I64),"Actual "&(B64-1)&" crashes of this road","Unavailable – no "&(B64-1)&" MMARAS record (not imputed)") -> Actual 2023 crashes of this road | K64: =IF(ISNUMBER(I64),"Yes","No – excluded") -> Yes
A65: R-6 MAGSAYSAY / AURORA BLVD. | B65: 2015 | C65: =AVERAGE(SOURCE_DATA!B12,SOURCE_DATA!B13) -> 96759.5 | D65: =SOURCE_DATA!L12 -> 1505 | E65: Training | F65: =SOURCE_DATA!W12+SOURCE_DATA!W13 -> 11.2 | G65: =H65/F65 -> 7.5892857 | H65: =SOURCE_DATA!Y12+SOURCE_DATA!Y13 -> 85 | I65: =IF(COUNTIFS($A$5:$A$144,A65,$B$5:$B$144,B65-1)=1,SUMIFS($D$5:$D$144,$A$5:$A$144,A65,$B$5:$B$144,B65-1),"N/A") -> N/A | J65: =IF(ISNUMBER(I65),"Actual "&(B65-1)&" crashes of this road","Unavailable – no "&(B65-1)&" MMARAS record (not imputed)") -> Unavailable – no 2014 MMARAS record (not imputed) | K65: =IF(ISNUMBER(I65),"Yes","No – excluded") -> No – excluded
A66: R-6 MAGSAYSAY / AURORA BLVD. | B66: 2016 | C66: =AVERAGE(SOURCE_DATA!C12,SOURCE_DATA!C13) -> 95187 | D66: =SOURCE_DATA!M12 -> 1707 | E66: Training | F66: =SOURCE_DATA!W12+SOURCE_DATA!W13 -> 11.2 | G66: =H66/F66 -> 7.5892857 | H66: =SOURCE_DATA!Y12+SOURCE_DATA!Y13 -> 85 | I66: =IF(COUNTIFS($A$5:$A$144,A66,$B$5:$B$144,B66-1)=1,SUMIFS($D$5:$D$144,$A$5:$A$144,A66,$B$5:$B$144,B66-1),"N/A") -> 1505 | J66: =IF(ISNUMBER(I66),"Actual "&(B66-1)&" crashes of this road","Unavailable – no "&(B66-1)&" MMARAS record (not imputed)") -> Actual 2015 crashes of this road | K66: =IF(ISNUMBER(I66),"Yes","No – excluded") -> Yes
A67: R-6 MAGSAYSAY / AURORA BLVD. | B67: 2017 | C67: =AVERAGE(SOURCE_DATA!D12,SOURCE_DATA!D13) -> 100608.5 | D67: =SOURCE_DATA!N12 -> 1769 | E67: Training | F67: =SOURCE_DATA!W12+SOURCE_DATA!W13 -> 11.2 | G67: =H67/F67 -> 7.5892857 | H67: =SOURCE_DATA!Y12+SOURCE_DATA!Y13 -> 85 | I67: =IF(COUNTIFS($A$5:$A$144,A67,$B$5:$B$144,B67-1)=1,SUMIFS($D$5:$D$144,$A$5:$A$144,A67,$B$5:$B$144,B67-1),"N/A") -> 1707 | J67: =IF(ISNUMBER(I67),"Actual "&(B67-1)&" crashes of this road","Unavailable – no "&(B67-1)&" MMARAS record (not imputed)") -> Actual 2016 crashes of this road | K67: =IF(ISNUMBER(I67),"Yes","No – excluded") -> Yes
A68: R-6 MAGSAYSAY / AURORA BLVD. | B68: 2018 | C68: =AVERAGE(SOURCE_DATA!E12,SOURCE_DATA!E13) -> 108595 | D68: =SOURCE_DATA!O12 -> 2068 | E68: Training | F68: =SOURCE_DATA!W12+SOURCE_DATA!W13 -> 11.2 | G68: =H68/F68 -> 7.5892857 | H68: =SOURCE_DATA!Y12+SOURCE_DATA!Y13 -> 85 | I68: =IF(COUNTIFS($A$5:$A$144,A68,$B$5:$B$144,B68-1)=1,SUMIFS($D$5:$D$144,$A$5:$A$144,A68,$B$5:$B$144,B68-1),"N/A") -> 1769 | J68: =IF(ISNUMBER(I68),"Actual "&(B68-1)&" crashes of this road","Unavailable – no "&(B68-1)&" MMARAS record (not imputed)") -> Actual 2017 crashes of this road | K68: =IF(ISNUMBER(I68),"Yes","No – excluded") -> Yes
A69: R-6 MAGSAYSAY / AURORA BLVD. | B69: 2019 | C69: =AVERAGE(SOURCE_DATA!F12,SOURCE_DATA!F13) -> 120102.5 | D69: =SOURCE_DATA!P12 -> 2404 | E69: Training | F69: =SOURCE_DATA!W12+SOURCE_DATA!W13 -> 11.2 | G69: =H69/F69 -> 7.5892857 | H69: =SOURCE_DATA!Y12+SOURCE_DATA!Y13 -> 85 | I69: =IF(COUNTIFS($A$5:$A$144,A69,$B$5:$B$144,B69-1)=1,SUMIFS($D$5:$D$144,$A$5:$A$144,A69,$B$5:$B$144,B69-1),"N/A") -> 2068 | J69: =IF(ISNUMBER(I69),"Actual "&(B69-1)&" crashes of this road","Unavailable – no "&(B69-1)&" MMARAS record (not imputed)") -> Actual 2018 crashes of this road | K69: =IF(ISNUMBER(I69),"Yes","No – excluded") -> Yes
A70: R-6 MAGSAYSAY / AURORA BLVD. | B70: 2020 | C70: =AVERAGE(SOURCE_DATA!G12,SOURCE_DATA!G13) -> 112368 | D70: =SOURCE_DATA!Q12 -> 154 | E70: Training | F70: =SOURCE_DATA!W12+SOURCE_DATA!W13 -> 11.2 | G70: =H70/F70 -> 7.5892857 | H70: =SOURCE_DATA!Y12+SOURCE_DATA!Y13 -> 85 | I70: =IF(COUNTIFS($A$5:$A$144,A70,$B$5:$B$144,B70-1)=1,SUMIFS($D$5:$D$144,$A$5:$A$144,A70,$B$5:$B$144,B70-1),"N/A") -> 2404 | J70: =IF(ISNUMBER(I70),"Actual "&(B70-1)&" crashes of this road","Unavailable – no "&(B70-1)&" MMARAS record (not imputed)") -> Actual 2019 crashes of this road | K70: =IF(ISNUMBER(I70),"Yes","No – excluded") -> Yes
A71: R-6 MAGSAYSAY / AURORA BLVD. | B71: 2021 | C71: =AVERAGE(SOURCE_DATA!H12,SOURCE_DATA!H13) -> 120372.5 | D71: =SOURCE_DATA!R12 -> 1362 | E71: Training | F71: =SOURCE_DATA!W12+SOURCE_DATA!W13 -> 11.2 | G71: =H71/F71 -> 7.5892857 | H71: =SOURCE_DATA!Y12+SOURCE_DATA!Y13 -> 85 | I71: =IF(COUNTIFS($A$5:$A$144,A71,$B$5:$B$144,B71-1)=1,SUMIFS($D$5:$D$144,$A$5:$A$144,A71,$B$5:$B$144,B71-1),"N/A") -> 154 | J71: =IF(ISNUMBER(I71),"Actual "&(B71-1)&" crashes of this road","Unavailable – no "&(B71-1)&" MMARAS record (not imputed)") -> Actual 2020 crashes of this road | K71: =IF(ISNUMBER(I71),"Yes","No – excluded") -> Yes
A72: R-6 MAGSAYSAY / AURORA BLVD. | B72: 2022 | C72: =AVERAGE(SOURCE_DATA!I12,SOURCE_DATA!I13) -> 124064.5 | D72: =SOURCE_DATA!S12 -> 1070 | E72: Training | F72: =SOURCE_DATA!W12+SOURCE_DATA!W13 -> 11.2 | G72: =H72/F72 -> 7.5892857 | H72: =SOURCE_DATA!Y12+SOURCE_DATA!Y13 -> 85 | I72: =IF(COUNTIFS($A$5:$A$144,A72,$B$5:$B$144,B72-1)=1,SUMIFS($D$5:$D$144,$A$5:$A$144,A72,$B$5:$B$144,B72-1),"N/A") -> 1362 | J72: =IF(ISNUMBER(I72),"Actual "&(B72-1)&" crashes of this road","Unavailable – no "&(B72-1)&" MMARAS record (not imputed)") -> Actual 2021 crashes of this road | K72: =IF(ISNUMBER(I72),"Yes","No – excluded") -> Yes
A73: R-6 MAGSAYSAY / AURORA BLVD. | B73: 2023 | C73: =AVERAGE(SOURCE_DATA!J12,SOURCE_DATA!J13) -> 129922 | D73: =SOURCE_DATA!T12 -> 2245 | E73: Training | F73: =SOURCE_DATA!W12+SOURCE_DATA!W13 -> 11.2 | G73: =H73/F73 -> 7.5892857 | H73: =SOURCE_DATA!Y12+SOURCE_DATA!Y13 -> 85 | I73: =IF(COUNTIFS($A$5:$A$144,A73,$B$5:$B$144,B73-1)=1,SUMIFS($D$5:$D$144,$A$5:$A$144,A73,$B$5:$B$144,B73-1),"N/A") -> 1070 | J73: =IF(ISNUMBER(I73),"Actual "&(B73-1)&" crashes of this road","Unavailable – no "&(B73-1)&" MMARAS record (not imputed)") -> Actual 2022 crashes of this road | K73: =IF(ISNUMBER(I73),"Yes","No – excluded") -> Yes
A74: R-6 MAGSAYSAY / AURORA BLVD. | B74: 2024 | C74: =AVERAGE(SOURCE_DATA!K12,SOURCE_DATA!K13) -> 145562.5 | D74: =SOURCE_DATA!U12 -> 2505 | E74: Training | F74: =SOURCE_DATA!W12+SOURCE_DATA!W13 -> 11.2 | G74: =H74/F74 -> 7.5892857 | H74: =SOURCE_DATA!Y12+SOURCE_DATA!Y13 -> 85 | I74: =IF(COUNTIFS($A$5:$A$144,A74,$B$5:$B$144,B74-1)=1,SUMIFS($D$5:$D$144,$A$5:$A$144,A74,$B$5:$B$144,B74-1),"N/A") -> 2245 | J74: =IF(ISNUMBER(I74),"Actual "&(B74-1)&" crashes of this road","Unavailable – no "&(B74-1)&" MMARAS record (not imputed)") -> Actual 2023 crashes of this road | K74: =IF(ISNUMBER(I74),"Yes","No – excluded") -> Yes
A75: =SOURCE_DATA!A14 -> QUEZON AVE. | B75: 2015 | C75: =SOURCE_DATA!B14 -> 186321 | D75: =SOURCE_DATA!L14 -> 1498 | E75: Training | F75: =SOURCE_DATA!W14 -> 6.1 | G75: =SOURCE_DATA!X14 -> 10 | H75: =SOURCE_DATA!Y14 -> 61 | I75: =IF(COUNTIFS($A$5:$A$144,A75,$B$5:$B$144,B75-1)=1,SUMIFS($D$5:$D$144,$A$5:$A$144,A75,$B$5:$B$144,B75-1),"N/A") -> N/A | J75: =IF(ISNUMBER(I75),"Actual "&(B75-1)&" crashes of this road","Unavailable – no "&(B75-1)&" MMARAS record (not imputed)") -> Unavailable – no 2014 MMARAS record (not imputed) | K75: =IF(ISNUMBER(I75),"Yes","No – excluded") -> No – excluded
A76: =SOURCE_DATA!A14 -> QUEZON AVE. | B76: 2016 | C76: =SOURCE_DATA!C14 -> 187111 | D76: =SOURCE_DATA!M14 -> 1996 | E76: Training | F76: =SOURCE_DATA!W14 -> 6.1 | G76: =SOURCE_DATA!X14 -> 10 | H76: =SOURCE_DATA!Y14 -> 61 | I76: =IF(COUNTIFS($A$5:$A$144,A76,$B$5:$B$144,B76-1)=1,SUMIFS($D$5:$D$144,$A$5:$A$144,A76,$B$5:$B$144,B76-1),"N/A") -> 1498 | J76: =IF(ISNUMBER(I76),"Actual "&(B76-1)&" crashes of this road","Unavailable – no "&(B76-1)&" MMARAS record (not imputed)") -> Actual 2015 crashes of this road | K76: =IF(ISNUMBER(I76),"Yes","No – excluded") -> Yes
A77: =SOURCE_DATA!A14 -> QUEZON AVE. | B77: 2017 | C77: =SOURCE_DATA!D14 -> 195335 | D77: =SOURCE_DATA!N14 -> 2029 | E77: Training | F77: =SOURCE_DATA!W14 -> 6.1 | G77: =SOURCE_DATA!X14 -> 10 | H77: =SOURCE_DATA!Y14 -> 61 | I77: =IF(COUNTIFS($A$5:$A$144,A77,$B$5:$B$144,B77-1)=1,SUMIFS($D$5:$D$144,$A$5:$A$144,A77,$B$5:$B$144,B77-1),"N/A") -> 1996 | J77: =IF(ISNUMBER(I77),"Actual "&(B77-1)&" crashes of this road","Unavailable – no "&(B77-1)&" MMARAS record (not imputed)") -> Actual 2016 crashes of this road | K77: =IF(ISNUMBER(I77),"Yes","No – excluded") -> Yes
A78: =SOURCE_DATA!A14 -> QUEZON AVE. | B78: 2018 | C78: =SOURCE_DATA!E14 -> 204604 | D78: =SOURCE_DATA!O14 -> 2378 | E78: Training | F78: =SOURCE_DATA!W14 -> 6.1 | G78: =SOURCE_DATA!X14 -> 10 | H78: =SOURCE_DATA!Y14 -> 61 | I78: =IF(COUNTIFS($A$5:$A$144,A78,$B$5:$B$144,B78-1)=1,SUMIFS($D$5:$D$144,$A$5:$A$144,A78,$B$5:$B$144,B78-1),"N/A") -> 2029 | J78: =IF(ISNUMBER(I78),"Actual "&(B78-1)&" crashes of this road","Unavailable – no "&(B78-1)&" MMARAS record (not imputed)") -> Actual 2017 crashes of this road | K78: =IF(ISNUMBER(I78),"Yes","No – excluded") -> Yes
A79: =SOURCE_DATA!A14 -> QUEZON AVE. | B79: 2019 | C79: =SOURCE_DATA!F14 -> 230099 | D79: =SOURCE_DATA!P14 -> 2635 | E79: Training | F79: =SOURCE_DATA!W14 -> 6.1 | G79: =SOURCE_DATA!X14 -> 10 | H79: =SOURCE_DATA!Y14 -> 61 | I79: =IF(COUNTIFS($A$5:$A$144,A79,$B$5:$B$144,B79-1)=1,SUMIFS($D$5:$D$144,$A$5:$A$144,A79,$B$5:$B$144,B79-1),"N/A") -> 2378 | J79: =IF(ISNUMBER(I79),"Actual "&(B79-1)&" crashes of this road","Unavailable – no "&(B79-1)&" MMARAS record (not imputed)") -> Actual 2018 crashes of this road | K79: =IF(ISNUMBER(I79),"Yes","No – excluded") -> Yes
A80: =SOURCE_DATA!A14 -> QUEZON AVE. | B80: 2020 | C80: =SOURCE_DATA!G14 -> 237759 | D80: =SOURCE_DATA!Q14 -> 1178 | E80: Training | F80: =SOURCE_DATA!W14 -> 6.1 | G80: =SOURCE_DATA!X14 -> 10 | H80: =SOURCE_DATA!Y14 -> 61 | I80: =IF(COUNTIFS($A$5:$A$144,A80,$B$5:$B$144,B80-1)=1,SUMIFS($D$5:$D$144,$A$5:$A$144,A80,$B$5:$B$144,B80-1),"N/A") -> 2635 | J80: =IF(ISNUMBER(I80),"Actual "&(B80-1)&" crashes of this road","Unavailable – no "&(B80-1)&" MMARAS record (not imputed)") -> Actual 2019 crashes of this road | K80: =IF(ISNUMBER(I80),"Yes","No – excluded") -> Yes
A81: =SOURCE_DATA!A14 -> QUEZON AVE. | B81: 2021 | C81: =SOURCE_DATA!H14 -> 262128 | D81: =SOURCE_DATA!R14 -> 1753 | E81: Training | F81: =SOURCE_DATA!W14 -> 6.1 | G81: =SOURCE_DATA!X14 -> 10 | H81: =SOURCE_DATA!Y14 -> 61 | I81: =IF(COUNTIFS($A$5:$A$144,A81,$B$5:$B$144,B81-1)=1,SUMIFS($D$5:$D$144,$A$5:$A$144,A81,$B$5:$B$144,B81-1),"N/A") -> 1178 | J81: =IF(ISNUMBER(I81),"Actual "&(B81-1)&" crashes of this road","Unavailable – no "&(B81-1)&" MMARAS record (not imputed)") -> Actual 2020 crashes of this road | K81: =IF(ISNUMBER(I81),"Yes","No – excluded") -> Yes
A82: =SOURCE_DATA!A14 -> QUEZON AVE. | B82: 2022 | C82: =SOURCE_DATA!I14 -> 280606 | D82: =SOURCE_DATA!S14 -> 1955 | E82: Training | F82: =SOURCE_DATA!W14 -> 6.1 | G82: =SOURCE_DATA!X14 -> 10 | H82: =SOURCE_DATA!Y14 -> 61 | I82: =IF(COUNTIFS($A$5:$A$144,A82,$B$5:$B$144,B82-1)=1,SUMIFS($D$5:$D$144,$A$5:$A$144,A82,$B$5:$B$144,B82-1),"N/A") -> 1753 | J82: =IF(ISNUMBER(I82),"Actual "&(B82-1)&" crashes of this road","Unavailable – no "&(B82-1)&" MMARAS record (not imputed)") -> Actual 2021 crashes of this road | K82: =IF(ISNUMBER(I82),"Yes","No – excluded") -> Yes
A83: =SOURCE_DATA!A14 -> QUEZON AVE. | B83: 2023 | C83: =SOURCE_DATA!J14 -> 312486 | D83: =SOURCE_DATA!T14 -> 2529 | E83: Training | F83: =SOURCE_DATA!W14 -> 6.1 | G83: =SOURCE_DATA!X14 -> 10 | H83: =SOURCE_DATA!Y14 -> 61 | I83: =IF(COUNTIFS($A$5:$A$144,A83,$B$5:$B$144,B83-1)=1,SUMIFS($D$5:$D$144,$A$5:$A$144,A83,$B$5:$B$144,B83-1),"N/A") -> 1955 | J83: =IF(ISNUMBER(I83),"Actual "&(B83-1)&" crashes of this road","Unavailable – no "&(B83-1)&" MMARAS record (not imputed)") -> Actual 2022 crashes of this road | K83: =IF(ISNUMBER(I83),"Yes","No – excluded") -> Yes
A84: =SOURCE_DATA!A14 -> QUEZON AVE. | B84: 2024 | C84: =SOURCE_DATA!K14 -> 298680 | D84: =SOURCE_DATA!U14 -> 2883 | E84: Training | F84: =SOURCE_DATA!W14 -> 6.1 | G84: =SOURCE_DATA!X14 -> 10 | H84: =SOURCE_DATA!Y14 -> 61 | I84: =IF(COUNTIFS($A$5:$A$144,A84,$B$5:$B$144,B84-1)=1,SUMIFS($D$5:$D$144,$A$5:$A$144,A84,$B$5:$B$144,B84-1),"N/A") -> 2529 | J84: =IF(ISNUMBER(I84),"Actual "&(B84-1)&" crashes of this road","Unavailable – no "&(B84-1)&" MMARAS record (not imputed)") -> Actual 2023 crashes of this road | K84: =IF(ISNUMBER(I84),"Yes","No – excluded") -> Yes
A85: =SOURCE_DATA!A15 -> COMMONWEALTH AVE. | B85: 2015 | C85: =SOURCE_DATA!B15 -> 259195 | D85: =SOURCE_DATA!L15 -> 3158 | E85: Training | F85: =SOURCE_DATA!W15 -> 12.4 | G85: =SOURCE_DATA!X15 -> 18 | H85: =SOURCE_DATA!Y15 -> 223.2 | I85: =IF(COUNTIFS($A$5:$A$144,A85,$B$5:$B$144,B85-1)=1,SUMIFS($D$5:$D$144,$A$5:$A$144,A85,$B$5:$B$144,B85-1),"N/A") -> N/A | J85: =IF(ISNUMBER(I85),"Actual "&(B85-1)&" crashes of this road","Unavailable – no "&(B85-1)&" MMARAS record (not imputed)") -> Unavailable – no 2014 MMARAS record (not imputed) | K85: =IF(ISNUMBER(I85),"Yes","No – excluded") -> No – excluded
A86: =SOURCE_DATA!A15 -> COMMONWEALTH AVE. | B86: 2016 | C86: =SOURCE_DATA!C15 -> 272255 | D86: =SOURCE_DATA!M15 -> 4032 | E86: Training | F86: =SOURCE_DATA!W15 -> 12.4 | G86: =SOURCE_DATA!X15 -> 18 | H86: =SOURCE_DATA!Y15 -> 223.2 | I86: =IF(COUNTIFS($A$5:$A$144,A86,$B$5:$B$144,B86-1)=1,SUMIFS($D$5:$D$144,$A$5:$A$144,A86,$B$5:$B$144,B86-1),"N/A") -> 3158 | J86: =IF(ISNUMBER(I86),"Actual "&(B86-1)&" crashes of this road","Unavailable – no "&(B86-1)&" MMARAS record (not imputed)") -> Actual 2015 crashes of this road | K86: =IF(ISNUMBER(I86),"Yes","No – excluded") -> Yes
A87: =SOURCE_DATA!A15 -> COMMONWEALTH AVE. | B87: 2017 | C87: =SOURCE_DATA!D15 -> 272720 | D87: =SOURCE_DATA!N15 -> 4649 | E87: Training | F87: =SOURCE_DATA!W15 -> 12.4 | G87: =SOURCE_DATA!X15 -> 18 | H87: =SOURCE_DATA!Y15 -> 223.2 | I87: =IF(COUNTIFS($A$5:$A$144,A87,$B$5:$B$144,B87-1)=1,SUMIFS($D$5:$D$144,$A$5:$A$144,A87,$B$5:$B$144,B87-1),"N/A") -> 4032 | J87: =IF(ISNUMBER(I87),"Actual "&(B87-1)&" crashes of this road","Unavailable – no "&(B87-1)&" MMARAS record (not imputed)") -> Actual 2016 crashes of this road | K87: =IF(ISNUMBER(I87),"Yes","No – excluded") -> Yes
A88: =SOURCE_DATA!A15 -> COMMONWEALTH AVE. | B88: 2018 | C88: =SOURCE_DATA!E15 -> 244916 | D88: =SOURCE_DATA!O15 -> 5148 | E88: Training | F88: =SOURCE_DATA!W15 -> 12.4 | G88: =SOURCE_DATA!X15 -> 18 | H88: =SOURCE_DATA!Y15 -> 223.2 | I88: =IF(COUNTIFS($A$5:$A$144,A88,$B$5:$B$144,B88-1)=1,SUMIFS($D$5:$D$144,$A$5:$A$144,A88,$B$5:$B$144,B88-1),"N/A") -> 4649 | J88: =IF(ISNUMBER(I88),"Actual "&(B88-1)&" crashes of this road","Unavailable – no "&(B88-1)&" MMARAS record (not imputed)") -> Actual 2017 crashes of this road | K88: =IF(ISNUMBER(I88),"Yes","No – excluded") -> Yes
A89: =SOURCE_DATA!A15 -> COMMONWEALTH AVE. | B89: 2019 | C89: =SOURCE_DATA!F15 -> 317471 | D89: =SOURCE_DATA!P15 -> 4998 | E89: Training | F89: =SOURCE_DATA!W15 -> 12.4 | G89: =SOURCE_DATA!X15 -> 18 | H89: =SOURCE_DATA!Y15 -> 223.2 | I89: =IF(COUNTIFS($A$5:$A$144,A89,$B$5:$B$144,B89-1)=1,SUMIFS($D$5:$D$144,$A$5:$A$144,A89,$B$5:$B$144,B89-1),"N/A") -> 5148 | J89: =IF(ISNUMBER(I89),"Actual "&(B89-1)&" crashes of this road","Unavailable – no "&(B89-1)&" MMARAS record (not imputed)") -> Actual 2018 crashes of this road | K89: =IF(ISNUMBER(I89),"Yes","No – excluded") -> Yes
A90: =SOURCE_DATA!A15 -> COMMONWEALTH AVE. | B90: 2020 | C90: =SOURCE_DATA!G15 -> 282137 | D90: =SOURCE_DATA!Q15 -> 3262 | E90: Training | F90: =SOURCE_DATA!W15 -> 12.4 | G90: =SOURCE_DATA!X15 -> 18 | H90: =SOURCE_DATA!Y15 -> 223.2 | I90: =IF(COUNTIFS($A$5:$A$144,A90,$B$5:$B$144,B90-1)=1,SUMIFS($D$5:$D$144,$A$5:$A$144,A90,$B$5:$B$144,B90-1),"N/A") -> 4998 | J90: =IF(ISNUMBER(I90),"Actual "&(B90-1)&" crashes of this road","Unavailable – no "&(B90-1)&" MMARAS record (not imputed)") -> Actual 2019 crashes of this road | K90: =IF(ISNUMBER(I90),"Yes","No – excluded") -> Yes
A91: =SOURCE_DATA!A15 -> COMMONWEALTH AVE. | B91: 2021 | C91: =SOURCE_DATA!H15 -> 302316 | D91: =SOURCE_DATA!R15 -> 3057 | E91: Training | F91: =SOURCE_DATA!W15 -> 12.4 | G91: =SOURCE_DATA!X15 -> 18 | H91: =SOURCE_DATA!Y15 -> 223.2 | I91: =IF(COUNTIFS($A$5:$A$144,A91,$B$5:$B$144,B91-1)=1,SUMIFS($D$5:$D$144,$A$5:$A$144,A91,$B$5:$B$144,B91-1),"N/A") -> 3262 | J91: =IF(ISNUMBER(I91),"Actual "&(B91-1)&" crashes of this road","Unavailable – no "&(B91-1)&" MMARAS record (not imputed)") -> Actual 2020 crashes of this road | K91: =IF(ISNUMBER(I91),"Yes","No – excluded") -> Yes
A92: =SOURCE_DATA!A15 -> COMMONWEALTH AVE. | B92: 2022 | C92: =SOURCE_DATA!I15 -> 346184 | D92: =SOURCE_DATA!S15 -> 3846 | E92: Training | F92: =SOURCE_DATA!W15 -> 12.4 | G92: =SOURCE_DATA!X15 -> 18 | H92: =SOURCE_DATA!Y15 -> 223.2 | I92: =IF(COUNTIFS($A$5:$A$144,A92,$B$5:$B$144,B92-1)=1,SUMIFS($D$5:$D$144,$A$5:$A$144,A92,$B$5:$B$144,B92-1),"N/A") -> 3057 | J92: =IF(ISNUMBER(I92),"Actual "&(B92-1)&" crashes of this road","Unavailable – no "&(B92-1)&" MMARAS record (not imputed)") -> Actual 2021 crashes of this road | K92: =IF(ISNUMBER(I92),"Yes","No – excluded") -> Yes
A93: =SOURCE_DATA!A15 -> COMMONWEALTH AVE. | B93: 2023 | C93: =SOURCE_DATA!J15 -> 407988 | D93: =SOURCE_DATA!T15 -> 4874 | E93: Training | F93: =SOURCE_DATA!W15 -> 12.4 | G93: =SOURCE_DATA!X15 -> 18 | H93: =SOURCE_DATA!Y15 -> 223.2 | I93: =IF(COUNTIFS($A$5:$A$144,A93,$B$5:$B$144,B93-1)=1,SUMIFS($D$5:$D$144,$A$5:$A$144,A93,$B$5:$B$144,B93-1),"N/A") -> 3846 | J93: =IF(ISNUMBER(I93),"Actual "&(B93-1)&" crashes of this road","Unavailable – no "&(B93-1)&" MMARAS record (not imputed)") -> Actual 2022 crashes of this road | K93: =IF(ISNUMBER(I93),"Yes","No – excluded") -> Yes
A94: =SOURCE_DATA!A15 -> COMMONWEALTH AVE. | B94: 2024 | C94: =SOURCE_DATA!K15 -> 413345 | D94: =SOURCE_DATA!U15 -> 5091 | E94: Training | F94: =SOURCE_DATA!W15 -> 12.4 | G94: =SOURCE_DATA!X15 -> 18 | H94: =SOURCE_DATA!Y15 -> 223.2 | I94: =IF(COUNTIFS($A$5:$A$144,A94,$B$5:$B$144,B94-1)=1,SUMIFS($D$5:$D$144,$A$5:$A$144,A94,$B$5:$B$144,B94-1),"N/A") -> 4874 | J94: =IF(ISNUMBER(I94),"Actual "&(B94-1)&" crashes of this road","Unavailable – no "&(B94-1)&" MMARAS record (not imputed)") -> Actual 2023 crashes of this road | K94: =IF(ISNUMBER(I94),"Yes","No – excluded") -> Yes
A95: =SOURCE_DATA!A16 -> RIZAL AVE. | B95: 2015 | C95: =SOURCE_DATA!B16 -> 70395 | D95: =SOURCE_DATA!L16 -> 426 | E95: Training | F95: =SOURCE_DATA!W16 -> 6.573 | G95: =SOURCE_DATA!X16 -> 5 | H95: =SOURCE_DATA!Y16 -> 32.865 | I95: =IF(COUNTIFS($A$5:$A$144,A95,$B$5:$B$144,B95-1)=1,SUMIFS($D$5:$D$144,$A$5:$A$144,A95,$B$5:$B$144,B95-1),"N/A") -> N/A | J95: =IF(ISNUMBER(I95),"Actual "&(B95-1)&" crashes of this road","Unavailable – no "&(B95-1)&" MMARAS record (not imputed)") -> Unavailable – no 2014 MMARAS record (not imputed) | K95: =IF(ISNUMBER(I95),"Yes","No – excluded") -> No – excluded
A96: =SOURCE_DATA!A16 -> RIZAL AVE. | B96: 2016 | C96: =SOURCE_DATA!C16 -> 76295 | D96: =SOURCE_DATA!M16 -> 309 | E96: Training | F96: =SOURCE_DATA!W16 -> 6.573 | G96: =SOURCE_DATA!X16 -> 5 | H96: =SOURCE_DATA!Y16 -> 32.865 | I96: =IF(COUNTIFS($A$5:$A$144,A96,$B$5:$B$144,B96-1)=1,SUMIFS($D$5:$D$144,$A$5:$A$144,A96,$B$5:$B$144,B96-1),"N/A") -> 426 | J96: =IF(ISNUMBER(I96),"Actual "&(B96-1)&" crashes of this road","Unavailable – no "&(B96-1)&" MMARAS record (not imputed)") -> Actual 2015 crashes of this road | K96: =IF(ISNUMBER(I96),"Yes","No – excluded") -> Yes
A97: =SOURCE_DATA!A16 -> RIZAL AVE. | B97: 2017 | C97: =SOURCE_DATA!D16 -> 81740 | D97: =SOURCE_DATA!N16 -> 323 | E97: Training | F97: =SOURCE_DATA!W16 -> 6.573 | G97: =SOURCE_DATA!X16 -> 5 | H97: =SOURCE_DATA!Y16 -> 32.865 | I97: =IF(COUNTIFS($A$5:$A$144,A97,$B$5:$B$144,B97-1)=1,SUMIFS($D$5:$D$144,$A$5:$A$144,A97,$B$5:$B$144,B97-1),"N/A") -> 309 | J97: =IF(ISNUMBER(I97),"Actual "&(B97-1)&" crashes of this road","Unavailable – no "&(B97-1)&" MMARAS record (not imputed)") -> Actual 2016 crashes of this road | K97: =IF(ISNUMBER(I97),"Yes","No – excluded") -> Yes
A98: =SOURCE_DATA!A16 -> RIZAL AVE. | B98: 2018 | C98: =SOURCE_DATA!E16 -> 89473 | D98: =SOURCE_DATA!O16 -> 480 | E98: Training | F98: =SOURCE_DATA!W16 -> 6.573 | G98: =SOURCE_DATA!X16 -> 5 | H98: =SOURCE_DATA!Y16 -> 32.865 | I98: =IF(COUNTIFS($A$5:$A$144,A98,$B$5:$B$144,B98-1)=1,SUMIFS($D$5:$D$144,$A$5:$A$144,A98,$B$5:$B$144,B98-1),"N/A") -> 323 | J98: =IF(ISNUMBER(I98),"Actual "&(B98-1)&" crashes of this road","Unavailable – no "&(B98-1)&" MMARAS record (not imputed)") -> Actual 2017 crashes of this road | K98: =IF(ISNUMBER(I98),"Yes","No – excluded") -> Yes
A99: =SOURCE_DATA!A16 -> RIZAL AVE. | B99: 2019 | C99: =SOURCE_DATA!F16 -> 95041 | D99: =SOURCE_DATA!P16 -> 527 | E99: Training | F99: =SOURCE_DATA!W16 -> 6.573 | G99: =SOURCE_DATA!X16 -> 5 | H99: =SOURCE_DATA!Y16 -> 32.865 | I99: =IF(COUNTIFS($A$5:$A$144,A99,$B$5:$B$144,B99-1)=1,SUMIFS($D$5:$D$144,$A$5:$A$144,A99,$B$5:$B$144,B99-1),"N/A") -> 480 | J99: =IF(ISNUMBER(I99),"Actual "&(B99-1)&" crashes of this road","Unavailable – no "&(B99-1)&" MMARAS record (not imputed)") -> Actual 2018 crashes of this road | K99: =IF(ISNUMBER(I99),"Yes","No – excluded") -> Yes
A100: =SOURCE_DATA!A16 -> RIZAL AVE. | B100: 2020 | C100: =SOURCE_DATA!G16 -> 87544 | D100: =SOURCE_DATA!Q16 -> 306 | E100: Training | F100: =SOURCE_DATA!W16 -> 6.573 | G100: =SOURCE_DATA!X16 -> 5 | H100: =SOURCE_DATA!Y16 -> 32.865 | I100: =IF(COUNTIFS($A$5:$A$144,A100,$B$5:$B$144,B100-1)=1,SUMIFS($D$5:$D$144,$A$5:$A$144,A100,$B$5:$B$144,B100-1),"N/A") -> 527 | J100: =IF(ISNUMBER(I100),"Actual "&(B100-1)&" crashes of this road","Unavailable – no "&(B100-1)&" MMARAS record (not imputed)") -> Actual 2019 crashes of this road | K100: =IF(ISNUMBER(I100),"Yes","No – excluded") -> Yes
A101: =SOURCE_DATA!A16 -> RIZAL AVE. | B101: 2021 | C101: =SOURCE_DATA!H16 -> 106906 | D101: =SOURCE_DATA!R16 -> 248 | E101: Training | F101: =SOURCE_DATA!W16 -> 6.573 | G101: =SOURCE_DATA!X16 -> 5 | H101: =SOURCE_DATA!Y16 -> 32.865 | I101: =IF(COUNTIFS($A$5:$A$144,A101,$B$5:$B$144,B101-1)=1,SUMIFS($D$5:$D$144,$A$5:$A$144,A101,$B$5:$B$144,B101-1),"N/A") -> 306 | J101: =IF(ISNUMBER(I101),"Actual "&(B101-1)&" crashes of this road","Unavailable – no "&(B101-1)&" MMARAS record (not imputed)") -> Actual 2020 crashes of this road | K101: =IF(ISNUMBER(I101),"Yes","No – excluded") -> Yes
...

Sheet LR_CAL
A1: LR_CAL – Linear Regression (OLS): (A) original AADT-only baseline and (B) extended model with AADT, Year, Prev and Total lanes-km – trained on 117 non-EDSA observations
A2: EDSA is NOT used for any coefficient. Rows below the training block (orange) are EDSA test rows: predicted with the fitted coefficients only. Green = link to DATASETS, black = Excel formula.
A4: A. BASELINE (original model): ŷ = b₀ + b₁·AADT – every number is an ordinary Excel formula (sums of the data table). (This data is only model development)
A6: n (training observations) | B6: =COUNT($B$53:$B$169) -> 117
A7: Σ X (AADT) | B7: =SUM($B$53:$B$169) -> 19527528
A8: Σ Y (crashes) | B8: =SUM($F$53:$F$169) -> 220006
A9: Σ XY | B9: =SUMPRODUCT($B$53:$B$169,$F$53:$F$169) -> 46339058925 | C9: =SUM(H53:H169) -> 46339058925 | D9: =IF(ABS(C9-B9)<0.001,"✔ equals column H total (Excl. Edsa)","CHECK") -> ✔ equals column H total (Excl. Edsa)
A10: Σ X² | B10: =SUMSQ($B$53:$B$169) -> 3.8846445e+12 | C10: =SUM(I53:I169) -> 3.8846445e+12 | D10: =IF(ABS(C10-B10)<0.001,"✔ equals column I total (Excl. Edsa)","CHECK") -> ✔ equals column I total (Excl. Edsa)
A11: Σ Y² | B11: =SUMSQ($F$53:$F$169) -> 830967730 | C11: =SUM(J53:J169) -> 830967730 | D11: =IF(ABS(C11-B11)<0.001,"✔ equals column J total (Excl. Edsa)","CHECK") -> ✔ equals column J total (Excl. Edsa)
A12: Mean X | B12: =B7/B6 -> 166901.95
A13: Mean Y | B13: =B8/B6 -> 1880.3932
A14: Slope b₁ = (nΣXY − ΣXΣY) / (nΣX² − (ΣX)²) | B14: =(B6*B9-B7*B8)/(B6*B10-B7^2) -> 0.015380038
A15: Intercept b₀ = Ȳ − b₁X̄ | B15: =B13-B14*B12 -> -686.56525
A16: SSE = Σ(y − ŷ)² | B16: =SUM($N$53:$N$169) -> 2.6931971e+08
A17: SST = Σ(y − Ȳ)² | B17: =SUM($O$53:$O$169) -> 4.1726995e+08
A18: R² = 1 − SSE/SST | B18: =1-B16/B17 -> 0.35456721
A19: MAE = Σ|y − ŷ| / n | B19: =SUM($M$53:$M$169)/B6 -> 983.74255
A20: RMSE = √(SSE/n) | B20: =SQRT(B16/B6) -> 1517.1941
A21: Cross-check with Excel built-ins: SLOPE / INTERCEPT / RSQ | B21: =SLOPE($F$53:$F$169,$B$53:$B$169) -> 0.015380038 | C21: =INTERCEPT($F$53:$F$169,$B$53:$B$169) -> -686.56525 | D21: =RSQ($F$53:$F$169,$B$53:$B$169) -> 0.35456721 | E21: =IF(AND(ABS(B21-B14)<0.000000001,ABS(C21-B15)<0.000001,ABS(D21-B18)<0.000000001),"✔ matches","CHECK") -> ✔ matches
A23: B. EXTENDED LINEAR REGRESSION: ŷ = b₀ + b₁·AADT + b₂·Year + b₃·Prev + b₄·LaneKm (least squares on 4 predictors)
A24: Coefficient | B24: Fitted value | C24: Role of the predictor
A25: Intercept b₀ | B25: =INDEX(LINEST($F$53:$F$169,$B$53:$E$169,TRUE(),TRUE()),1,5) -> 48525.084 | C25: Baseline crash level when all predictors are 0 (no direct meaning – Year is ~2020)
A26: b₁ AADT | B26: =INDEX(LINEST($F$53:$F$169,$B$53:$E$169,TRUE(),TRUE()),1,4) -> 0.0029832332 | C26: Extra crashes per +1 vehicle/day, holding Year, Prev, LaneKm fixed
A27: b₂ Year | B27: =INDEX(LINEST($F$53:$F$169,$B$53:$E$169,TRUE(),TRUE()),1,3) -> -24.170108 | C27: Linear time trend: change in crashes per calendar year, others fixed (a straight line cannot capture the 2020 drop)
A28: b₃ Prev | B28: =INDEX(LINEST($F$53:$F$169,$B$53:$E$169,TRUE(),TRUE()),1,2) -> 0.92466481 | C28: Share of last year’s crash count carried into this year (crash history / persistence)
A29: b₄ LaneKm | B29: =INDEX(LINEST($F$53:$F$169,$B$53:$E$169,TRUE(),TRUE()),1,1) -> 0.013205236 | C29: Extra crashes per +1 lane-km (road size/capacity), others fixed. Road identity is NOT encoded here – see note 3 below
A31: SSE = Σ(y − ŷ)² | B31: =SUM($S$53:$S$169) -> 50660282
A32: SST = Σ(y − Ȳ)² | B32: =SUM($T$53:$T$169) -> 4.1726995e+08
A33: R² = 1 − SSE/SST | B33: =1-B31/B32 -> 0.87859111
A34: MAE = Σ|y − ŷ| / n | B34: =SUM($R$53:$R$169)/B6 -> 396.39209
A35: RMSE = √(SSE/n) | B35: =SQRT(B31/B6) -> 658.02269
A36: Adjusted R² = 1 − (1−R²)(n−1)/(n−k−1), k = 4 | B36: =1-(1-B33)*(B6-1)/(B6-4-1) -> 0.87425508
A37: Cross-check: R² from LINEST statistics | B37: =INDEX(LINEST($F$53:$F$169,$B$53:$E$169,TRUE(),TRUE()),3,1) -> 0.87859111 | C37: =IF(ABS(B37-B33)<0.000000001,"✔ matches","CHECK") -> ✔ matches
A38: Cross-check: first training prediction = b₀+Σ bᵢxᵢ vs sum of contribution columns | B38: =P53-SUM(U53:Y53) -> 1.4779289e-12
A40: HOW THE MODEL HANDLES MULTIPLE PREDICTORS AND WHAT IS EXCEL vs FITTED
A41: 1. Least squares picks b₀…b₄ to minimise SSE over the 117 training rows; each coefficient is the effect of that predictor holding the others fixed.
A42: 2. Fitted by Excel LINEST (matrix least squares). The same estimator is derived step-by-step with matrices on sheet MLR_CALC (with road effects).
A43: 3. Road identity is encoded on MLR_CALC. Here lanes-km (a road-level constant) represents road characteristics; lanes-km and 13 road cannot be
A44: estimated together because lanes-km is an exact linear combination of the road indicators (rank 16 of 17 – proved on MLR_CALC).
A45: 4. Direct Excel formulas: sums, means, baseline slope/intercept, predictions ŷ = b₀+Σbᵢxᵢ, residuals, |residual|, residual², SSE, SST, R², MAE, RMSE, contributions.
A46: 5. Model-dependent (fitted) step: the extended coefficients (LINEST) – a matrix solution, not a hand-written closed form.
A47: 6. Year, Prev and LaneKm are used exactly as recorded; EDSA rows use EDSA’s own AADT/Year/Prev/LaneKm; the EDSA crash count of the year predicted is never an input.
A48: 7. Caution: lanes-km is dominated by McArthur Hwy (4,109) and Marcos Hwy (705); EDSA = 285.6 is inside the training range but the fit is leveraged by these points.
A51: C. DATA AND CALCULATION TABLE – training rows first, then EDSA test rows (orange). A = baseline (AADT only), B = extended
A52: Road | B52: X₁ AADT (veh/day) | C52: X₂ Year | D52: X₃ Prev (crashes Year−1) | E52: X₄ LaneKm (total lanes-km) | F52: Y Actual crashes | G52: Dataset | H52: X·Y | I52: X² | J52: Y² | K52: A: Predicted ŷ | L52: A: Residual (y−ŷ) | M52: A: |Residual| | N52: A: Residual² | O52: A: (y−Ȳ)² | P52: B: Predicted ŷ | Q52: B: Residual (y−ŷ) | R52: B: |Residual| | S52: B: Residual² | T52: B: (y−Ȳ)² | U52: B: b₁·AADT | V52: B: b₂·Year | W52: B: b₃·Prev | X52: B: b₄·LaneKm | Y52: B: b₀
A53: =DATASETS!A6 -> PRES. QUIRINO AVE. | B53: =DATASETS!C6 -> 117482 | C53: =DATASETS!B6 -> 2016 | D53: =DATASETS!I6 -> 887 | E53: =DATASETS!H6 -> 28.8 | F53: =DATASETS!D6 -> 1005 | G53: =DATASETS!E6 -> Training | H53: =B53*F53 -> 118069410 | I53: =B53^2 -> 13802020324 | J53: =F53^2 -> 1010025 | K53: =$B$15+$B$14*B53 -> 1120.3124 | L53: =F53-K53 -> -115.3124 | M53: =ABS(L53) -> 115.3124 | N53: =L53^2 -> 13296.949 | O53: =(F53-$B$13)^2 -> 766313.19 | P53: =$B$25+$B$26*B53+$B$27*C53+$B$28*D53+$B$29*E53 -> 969.17951 | Q53: =F53-P53 -> 35.820488 | R53: =ABS(Q53) -> 35.820488 | S53: =Q53^2 -> 1283.1073 | T53: =(F53-$B$13)^2 -> 766313.19 | U53: =$B$26*B53 -> 350.4762 | V53: =$B$27*C53 -> -48726.938 | W53: =$B$28*D53 -> 820.17769 | X53: =$B$29*E53 -> 0.38031079 | Y53: =$B$25 -> 48525.084
A54: =DATASETS!A7 -> PRES. QUIRINO AVE. | B54: =DATASETS!C7 -> 105118 | C54: =DATASETS!B7 -> 2017 | D54: =DATASETS!I7 -> 1005 | E54: =DATASETS!H7 -> 28.8 | F54: =DATASETS!D7 -> 868 | G54: =DATASETS!E7 -> Training | H54: =B54*F54 -> 91242424 | I54: =B54^2 -> 11049793924 | J54: =F54^2 -> 753424 | K54: =$B$15+$B$14*B54 -> 930.1536 | L54: =F54-K54 -> -62.153604 | M54: =ABS(L54) -> 62.153604 | N54: =L54^2 -> 3863.0705 | O54: =(F54-$B$13)^2 -> 1024939.9 | P54: =$B$25+$B$26*B54+$B$27*C54+$B$28*D54+$B$29*E54 -> 1017.2352 | Q54: =F54-P54 -> -149.23516 | R54: =ABS(Q54) -> 149.23516 | S54: =Q54^2 -> 22271.132 | T54: =(F54-$B$13)^2 -> 1024939.9 | U54: =$B$26*B54 -> 313.59151 | V54: =$B$27*C54 -> -48751.108 | W54: =$B$28*D54 -> 929.28813 | X54: =$B$29*E54 -> 0.38031079 | Y54: =$B$25 -> 48525.084
A55: =DATASETS!A8 -> PRES. QUIRINO AVE. | B55: =DATASETS!C8 -> 108592 | C55: =DATASETS!B8 -> 2018 | D55: =DATASETS!I8 -> 868 | E55: =DATASETS!H8 -> 28.8 | F55: =DATASETS!D8 -> 953 | G55: =DATASETS!E8 -> Training | H55: =B55*F55 -> 103488176 | I55: =B55^2 -> 11792222464 | J55: =F55^2 -> 908209 | K55: =$B$15+$B$14*B55 -> 983.58386 | L55: =F55-K55 -> -30.583857 | M55: =ABS(L55) -> 30.583857 | N55: =L55^2 -> 935.37229 | O55: =(F55-$B$13)^2 -> 860058.08 | P55: =$B$25+$B$26*B55+$B$27*C55+$B$28*D55+$B$29*E55 -> 876.74972 | Q55: =F55-P55 -> 76.250279 | R55: =ABS(Q55) -> 76.250279 | S55: =Q55^2 -> 5814.105 | T55: =(F55-$B$13)^2 -> 860058.08 | U55: =$B$26*B55 -> 323.95526 | V55: =$B$27*C55 -> -48775.279 | W55: =$B$28*D55 -> 802.60905 | X55: =$B$29*E55 -> 0.38031079 | Y55: =$B$25 -> 48525.084
A56: =DATASETS!A9 -> PRES. QUIRINO AVE. | B56: =DATASETS!C9 -> 116767 | C56: =DATASETS!B9 -> 2019 | D56: =DATASETS!I9 -> 953 | E56: =DATASETS!H9 -> 28.8 | F56: =DATASETS!D9 -> 1127 | G56: =DATASETS!E9 -> Training | H56: =B56*F56 -> 131596409 | I56: =B56^2 -> 13634532289 | J56: =F56^2 -> 1270129 | K56: =$B$15+$B$14*B56 -> 1109.3157 | L56: =F56-K56 -> 17.684331 | M56: =ABS(L56) -> 17.684331 | N56: =L56^2 -> 312.73556 | O56: =(F56-$B$13)^2 -> 567601.26 | P56: =$B$25+$B$26*B56+$B$27*C56+$B$28*D56+$B$29*E56 -> 955.56405 | Q56: =F56-P56 -> 171.43595 | R56: =ABS(Q56) -> 171.43595 | S56: =Q56^2 -> 29390.284 | T56: =(F56-$B$13)^2 -> 567601.26 | U56: =$B$26*B56 -> 348.34319 | V56: =$B$27*C56 -> -48799.449 | W56: =$B$28*D56 -> 881.20556 | X56: =$B$29*E56 -> 0.38031079 | Y56: =$B$25 -> 48525.084
A57: =DATASETS!A10 -> PRES. QUIRINO AVE. | B57: =DATASETS!C10 -> 84967 | C57: =DATASETS!B10 -> 2020 | D57: =DATASETS!I10 -> 1127 | E57: =DATASETS!H10 -> 28.8 | F57: =DATASETS!D10 -> 484 | G57: =DATASETS!E10 -> Training | H57: =B57*F57 -> 41124028 | I57: =B57^2 -> 7219391089 | J57: =F57^2 -> 234256 | K57: =$B$15+$B$14*B57 -> 620.23045 | L57: =F57-K57 -> -136.23045 | M57: =ABS(L57) -> 136.23045 | N57: =L57^2 -> 18558.737 | O57: =(F57-$B$13)^2 -> 1949913.9 | P57: =$B$25+$B$26*B57+$B$27*C57+$B$28*D57+$B$29*E57 -> 997.41881 | Q57: =F57-P57 -> -513.41881 | R57: =ABS(Q57) -> 513.41881 | S57: =Q57^2 -> 263598.87 | T57: =(F57-$B$13)^2 -> 1949913.9 | U57: =$B$26*B57 -> 253.47638 | V57: =$B$27*C57 -> -48823.619 | W57: =$B$28*D57 -> 1042.0972 | X57: =$B$29*E57 -> 0.38031079 | Y57: =$B$25 -> 48525.084
A58: =DATASETS!A11 -> PRES. QUIRINO AVE. | B58: =DATASETS!C11 -> 72582 | C58: =DATASETS!B11 -> 2021 | D58: =DATASETS!I11 -> 484 | E58: =DATASETS!H11 -> 28.8 | F58: =DATASETS!D11 -> 350 | G58: =DATASETS!E11 -> Training | H58: =B58*F58 -> 25403700 | I58: =B58^2 -> 5268146724 | J58: =F58^2 -> 122500 | K58: =$B$15+$B$14*B58 -> 429.74868 | L58: =F58-K58 -> -79.74868 | M58: =ABS(L58) -> 79.74868 | N58: =L58^2 -> 6359.852 | O58: =(F58-$B$13)^2 -> 2342103.2 | P58: =$B$25+$B$26*B58+$B$27*C58+$B$28*D58+$B$29*E58 -> 341.74188 | Q58: =F58-P58 -> 8.2581181 | R58: =ABS(Q58) -> 8.2581181 | S58: =Q58^2 -> 68.196515 | T58: =(F58-$B$13)^2 -> 2342103.2 | U58: =$B$26*B58 -> 216.52903 | V58: =$B$27*C58 -> -48847.789 | W58: =$B$28*D58 -> 447.53777 | X58: =$B$29*E58 -> 0.38031079 | Y58: =$B$25 -> 48525.084
A59: =DATASETS!A12 -> PRES. QUIRINO AVE. | B59: =DATASETS!C12 -> 147617 | C59: =DATASETS!B12 -> 2022 | D59: =DATASETS!I12 -> 350 | E59: =DATASETS!H12 -> 28.8 | F59: =DATASETS!D12 -> 808 | G59: =DATASETS!E12 -> Training | H59: =B59*F59 -> 119274536 | I59: =B59^2 -> 21790778689 | J59: =F59^2 -> 652864 | K59: =$B$15+$B$14*B59 -> 1583.7898 | L59: =F59-K59 -> -775.78985 | M59: =ABS(L59) -> 775.78985 | N59: =L59^2 -> 601849.89 | O59: =(F59-$B$13)^2 -> 1150027.1 | P59: =$B$25+$B$26*B59+$B$27*C59+$B$28*D59+$B$29*E59 -> 417.51359 | Q59: =F59-P59 -> 390.48641 | R59: =ABS(Q59) -> 390.48641 | S59: =Q59^2 -> 152479.63 | T59: =(F59-$B$13)^2 -> 1150027.1 | U59: =$B$26*B59 -> 440.37594 | V59: =$B$27*C59 -> -48871.959 | W59: =$B$28*D59 -> 323.63268 | X59: =$B$29*E59 -> 0.38031079 | Y59: =$B$25 -> 48525.084
A60: =DATASETS!A13 -> PRES. QUIRINO AVE. | B60: =DATASETS!C13 -> 177881 | C60: =DATASETS!B13 -> 2023 | D60: =DATASETS!I13 -> 808 | E60: =DATASETS!H13 -> 28.8 | F60: =DATASETS!D13 -> 951 | G60: =DATASETS!E13 -> Training | H60: =B60*F60 -> 169164831 | I60: =B60^2 -> 31641650161 | J60: =F60^2 -> 904401 | K60: =$B$15+$B$14*B60 -> 2049.2513 | L60: =F60-K60 -> -1098.2513 | M60: =ABS(L60) -> 1098.2513 | N60: =L60^2 -> 1206156 | O60: =(F60-$B$13)^2 -> 863771.65 | P60: =$B$25+$B$26*B60+$B$27*C60+$B$28*D60+$B$29*E60 -> 907.12454 | Q60: =F60-P60 -> 43.875463 | R60: =ABS(Q60) -> 43.875463 | S60: =Q60^2 -> 1925.0562 | T60: =(F60-$B$13)^2 -> 863771.65 | U60: =$B$26*B60 -> 530.66051 | V60: =$B$27*C60 -> -48896.129 | W60: =$B$28*D60 -> 747.12917 | X60: =$B$29*E60 -> 0.38031079 | Y60: =$B$25 -> 48525.084
A61: =DATASETS!A14 -> PRES. QUIRINO AVE. | B61: =DATASETS!C14 -> 195138 | C61: =DATASETS!B14 -> 2024 | D61: =DATASETS!I14 -> 951 | E61: =DATASETS!H14 -> 28.8 | F61: =DATASETS!D14 -> 1041 | G61: =DATASETS!E14 -> Training | H61: =B61*F61 -> 203138658 | I61: =B61^2 -> 38078839044 | J61: =F61^2 -> 1083681 | K61: =$B$15+$B$14*B61 -> 2314.6646 | L61: =F61-K61 -> -1273.6646 | M61: =ABS(L61) -> 1273.6646 | N61: =L61^2 -> 1622221.6 | O61: =(F61-$B$13)^2 -> 704580.88 | P61: =$B$25+$B$26*B61+$B$27*C61+$B$28*D61+$B$29*E61 -> 1066.6632 | Q61: =F61-P61 -> -25.663152 | R61: =ABS(Q61) -> 25.663152 | S61: =Q61^2 -> 658.59737 | T61: =(F61-$B$13)^2 -> 704580.88 | U61: =$B$26*B61 -> 582.14216 | V61: =$B$27*C61 -> -48920.299 | W61: =$B$28*D61 -> 879.35623 | X61: =$B$29*E61 -> 0.38031079 | Y61: =$B$25 -> 48525.084
A62: =DATASETS!A16 -> C.P. GARCIA /KATIPUNAN AVE. / TANDANG SORA | B62: =DATASETS!C16 -> 218155 | C62: =DATASETS!B16 -> 2016 | D62: =DATASETS!I16 -> 4598 | E62: =DATASETS!H16 -> 438.7 | F62: =DATASETS!D16 -> 5911 | G62: =DATASETS!E16 -> Training | H62: =B62*F62 -> 1289514205 | I62: =B62^2 -> 47591604025 | J62: =F62^2 -> 34939921 | K62: =$B$15+$B$14*B62 -> 2668.667 | L62: =F62-K62 -> 3242.333 | M62: =ABS(L62) -> 3242.333 | N62: =L62^2 -> 10512723 | O62: =(F62-$B$13)^2 -> 16245791 | P62: =$B$25+$B$26*B62+$B$27*C62+$B$28*D62+$B$29*E62 -> 4706.3545 | Q62: =F62-P62 -> 1204.6455 | R62: =ABS(Q62) -> 1204.6455 | S62: =Q62^2 -> 1451170.8 | T62: =(F62-$B$13)^2 -> 16245791 | U62: =$B$26*B62 -> 650.80724 | V62: =$B$27*C62 -> -48726.938 | W62: =$B$28*D62 -> 4251.6088 | X62: =$B$29*E62 -> 5.793137 | Y62: =$B$25 -> 48525.084
A63: =DATASETS!A17 -> C.P. GARCIA /KATIPUNAN AVE. / TANDANG SORA | B63: =DATASETS!C17 -> 218751 | C63: =DATASETS!B17 -> 2017 | D63: =DATASETS!I17 -> 5911 | E63: =DATASETS!H17 -> 438.7 | F63: =DATASETS!D17 -> 5794 | G63: =DATASETS!E17 -> Training | H63: =B63*F63 -> 1267443294 | I63: =B63^2 -> 47852000001 | J63: =F63^2 -> 33570436 | K63: =$B$15+$B$14*B63 -> 2677.8335 | L63: =F63-K63 -> 3116.1665 | M63: =ABS(L63) -> 3116.1665 | N63: =L63^2 -> 9710493.7 | O63: =(F63-$B$13)^2 -> 15316318 | P63: =$B$25+$B$26*B63+$B$27*C63+$B$28*D63+$B$29*E63 -> 5898.0473 | Q63: =F63-P63 -> -104.04727 | R63: =ABS(Q63) -> 104.04727 | S63: =Q63^2 -> 10825.835 | T63: =(F63-$B$13)^2 -> 15316318 | U63: =$B$26*B63 -> 652.58525 | V63: =$B$27*C63 -> -48751.108 | W63: =$B$28*D63 -> 5465.6937 | X63: =$B$29*E63 -> 5.793137 | Y63: =$B$25 -> 48525.084
A64: =DATASETS!A18 -> C.P. GARCIA /KATIPUNAN AVE. / TANDANG SORA | B64: =DATASETS!C18 -> 235744 | C64: =DATASETS!B18 -> 2018 | D64: =DATASETS!I18 -> 5794 | E64: =DATASETS!H18 -> 438.7 | F64: =DATASETS!D18 -> 8252 | G64: =DATASETS!E18 -> Training | H64: =B64*F64 -> 1945359488 | I64: =B64^2 -> 55575233536 | J64: =F64^2 -> 68095504 | K64: =$B$15+$B$14*B64 -> 2939.1865 | L64: =F64-K64 -> 5312.8135 | M64: =ABS(L64) -> 5312.8135 | N64: =L64^2 -> 28225988 | O64: =(F64-$B$13)^2 -> 40597374 | P64: =$B$25+$B$26*B64+$B$27*C64+$B$28*D64+$B$29*E64 -> 5816.3855 | Q64: =F64-P64 -> 2435.6145 | R64: =ABS(Q64) -> 2435.6145 | S64: =Q64^2 -> 5932218.2 | T64: =(F64-$B$13)^2 -> 40597374 | U64: =$B$26*B64 -> 703.27933 | V64: =$B$27*C64 -> -48775.279 | W64: =$B$28*D64 -> 5357.5079 | X64: =$B$29*E64 -> 5.793137 | Y64: =$B$25 -> 48525.084
A65: =DATASETS!A19 -> C.P. GARCIA /KATIPUNAN AVE. / TANDANG SORA | B65: =DATASETS!C19 -> 236060 | C65: =DATASETS!B19 -> 2019 | D65: =DATASETS!I19 -> 8252 | E65: =DATASETS!H19 -> 438.7 | F65: =DATASETS!D19 -> 8735 | G65: =DATASETS!E19 -> Training | H65: =B65*F65 -> 2061984100 | I65: =B65^2 -> 55724323600 | J65: =F65^2 -> 76300225 | K65: =$B$15+$B$14*B65 -> 2944.0466 | L65: =F65-K65 -> 5790.9534 | M65: =ABS(L65) -> 5790.9534 | N65: =L65^2 -> 33535142 | O65: =(F65-$B$13)^2 -> 46985635 | P65: =$B$25+$B$26*B65+$B$27*C65+$B$28*D65+$B$29*E65 -> 8065.9842 | Q65: =F65-P65 -> 669.01584 | R65: =ABS(Q65) -> 669.01584 | S65: =Q65^2 -> 447582.2 | T65: =(F65-$B$13)^2 -> 46985635 | U65: =$B$26*B65 -> 704.22203 | V65: =$B$27*C65 -> -48799.449 | W65: =$B$28*D65 -> 7630.334 | X65: =$B$29*E65 -> 5.793137 | Y65: =$B$25 -> 48525.084
A66: =DATASETS!A20 -> C.P. GARCIA /KATIPUNAN AVE. / TANDANG SORA | B66: =DATASETS!C20 -> 192418 | C66: =DATASETS!B20 -> 2020 | D66: =DATASETS!I20 -> 8735 | E66: =DATASETS!H20 -> 438.7 | F66: =DATASETS!D20 -> 5208 | G66: =DATASETS!E20 -> Training | H66: =B66*F66 -> 1002112944 | I66: =B66^2 -> 37024686724 | J66: =F66^2 -> 27123264 | K66: =$B$15+$B$14*B66 -> 2272.8309 | L66: =F66-K66 -> 2935.1691 | M66: =ABS(L66) -> 2935.1691 | N66: =L66^2 -> 8615217.4 | O66: =(F66-$B$13)^2 -> 11072967 | P66: =$B$25+$B$26*B66+$B$27*C66+$B$28*D66+$B$29*E66 -> 8358.2329 | Q66: =F66-P66 -> -3150.2329 | R66: =ABS(Q66) -> 3150.2329 | S66: =Q66^2 -> 9923967.3 | T66: =(F66-$B$13)^2 -> 11072967 | U66: =$B$26*B66 -> 574.02777 | V66: =$B$27*C66 -> -48823.619 | W66: =$B$28*D66 -> 8076.9471 | X66: =$B$29*E66 -> 5.793137 | Y66: =$B$25 -> 48525.084
A67: =DATASETS!A21 -> C.P. GARCIA /KATIPUNAN AVE. / TANDANG SORA | B67: =DATASETS!C21 -> 212285 | C67: =DATASETS!B21 -> 2021 | D67: =DATASETS!I21 -> 5208 | E67: =DATASETS!H21 -> 438.7 | F67: =DATASETS!D21 -> 5769 | G67: =DATASETS!E21 -> Training | H67: =B67*F67 -> 1224672165 | I67: =B67^2 -> 45064921225 | J67: =F67^2 -> 33281361 | K67: =$B$15+$B$14*B67 -> 2578.3862 | L67: =F67-K67 -> 3190.6138 | M67: =ABS(L67) -> 3190.6138 | N67: =L67^2 -> 10180017 | O67: =(F67-$B$13)^2 -> 15121263 | P67: =$B$25+$B$26*B67+$B$27*C67+$B$28*D67+$B$29*E67 -> 5132.0379 | Q67: =F67-P67 -> 636.96211 | R67: =ABS(Q67) -> 636.96211 | S67: =Q67^2 -> 405720.72 | T67: =(F67-$B$13)^2 -> 15121263 | U67: =$B$26*B67 -> 633.29566 | V67: =$B$27*C67 -> -48847.789 | W67: =$B$28*D67 -> 4815.6543 | X67: =$B$29*E67 -> 5.793137 | Y67: =$B$25 -> 48525.084
A68: =DATASETS!A22 -> C.P. GARCIA /KATIPUNAN AVE. / TANDANG SORA | B68: =DATASETS!C22 -> 211819 | C68: =DATASETS!B22 -> 2022 | D68: =DATASETS!I22 -> 5769 | E68: =DATASETS!H22 -> 438.7 | F68: =DATASETS!D22 -> 7255 | G68: =DATASETS!E22 -> Training | H68: =B68*F68 -> 1536746845 | I68: =B68^2 -> 44867288761 | J68: =F68^2 -> 52635025 | K68: =$B$15+$B$14*B68 -> 2571.2191 | L68: =F68-K68 -> 4683.7809 | M68: =ABS(L68) -> 4683.7809 | N68: =L68^2 -> 21937804 | O68: =(F68-$B$13)^2 -> 28886399 | P68: =$B$25+$B$26*B68+$B$27*C68+$B$28*D68+$B$29*E68 -> 5625.2146 | Q68: =F68-P68 -> 1629.7854 | R68: =ABS(Q68) -> 1629.7854 | S68: =Q68^2 -> 2656200.6 | T68: =(F68-$B$13)^2 -> 28886399 | U68: =$B$26*B68 -> 631.90548 | V68: =$B$27*C68 -> -48871.959 | W68: =$B$28*D68 -> 5334.3913 | X68: =$B$29*E68 -> 5.793137 | Y68: =$B$25 -> 48525.084
A69: =DATASETS!A23 -> C.P. GARCIA /KATIPUNAN AVE. / TANDANG SORA | B69: =DATASETS!C23 -> 238695 | C69: =DATASETS!B23 -> 2023 | D69: =DATASETS!I23 -> 7255 | E69: =DATASETS!H23 -> 438.7 | F69: =DATASETS!D23 -> 8119 | G69: =DATASETS!E23 -> Training | H69: =B69*F69 -> 1937964705 | I69: =B69^2 -> 56975303025 | J69: =F69^2 -> 65918161 | K69: =$B$15+$B$14*B69 -> 2984.573 | L69: =F69-K69 -> 5134.427 | M69: =ABS(L69) -> 5134.427 | N69: =L69^2 -> 26362341 | O69: =(F69-$B$13)^2 -> 38920215 | P69: =$B$25+$B$26*B69+$B$27*C69+$B$28*D69+$B$29*E69 -> 7055.2737 | Q69: =F69-P69 -> 1063.7263 | R69: =ABS(Q69) -> 1063.7263 | S69: =Q69^2 -> 1131513.6 | T69: =(F69-$B$13)^2 -> 38920215 | U69: =$B$26*B69 -> 712.08285 | V69: =$B$27*C69 -> -48896.129 | W69: =$B$28*D69 -> 6708.4432 | X69: =$B$29*E69 -> 5.793137 | Y69: =$B$25 -> 48525.084
A70: =DATASETS!A24 -> C.P. GARCIA /KATIPUNAN AVE. / TANDANG SORA | B70: =DATASETS!C24 -> 250762 | C70: =DATASETS!B24 -> 2024 | D70: =DATASETS!I24 -> 8119 | E70: =DATASETS!H24 -> 438.7 | F70: =DATASETS!D24 -> 8633 | G70: =DATASETS!E24 -> Training | H70: =B70*F70 -> 2164828346 | I70: =B70^2 -> 62881580644 | J70: =F70^2 -> 74528689 | K70: =$B$15+$B$14*B70 -> 3170.1639 | L70: =F70-K70 -> 5462.8361 | M70: =ABS(L70) -> 5462.8361 | N70: =L70^2 -> 29842578 | O70: =(F70-$B$13)^2 -> 45597699 | P70: =$B$25+$B$26*B70+$B$27*C70+$B$28*D70+$B$29*E70 -> 7866.0127 | Q70: =F70-P70 -> 766.98731 | R70: =ABS(Q70) -> 766.98731 | S70: =Q70^2 -> 588269.53 | T70: =(F70-$B$13)^2 -> 45597699 | U70: =$B$26*B70 -> 748.08153 | V70: =$B$27*C70 -> -48920.299 | W70: =$B$28*D70 -> 7507.3536 | X70: =$B$29*E70 -> 5.793137 | Y70: =$B$25 -> 48525.084
A71: =DATASETS!A26 -> ROXAS BLVD. | B71: =DATASETS!C26 -> 175185 | C71: =DATASETS!B26 -> 2016 | D71: =DATASETS!I26 -> 1528 | E71: =DATASETS!H26 -> 60.8 | F71: =DATASETS!D26 -> 1877 | G71: =DATASETS!E26 -> Training | H71: =B71*F71 -> 328822245 | I71: =B71^2 -> 30689784225 | J71: =F71^2 -> 3523129 | K71: =$B$15+$B$14*B71 -> 2007.7867 | L71: =F71-K71 -> -130.78674 | M71: =ABS(L71) -> 130.78674 | N71: =L71^2 -> 17105.172 | O71: =(F71-$B$13)^2 -> 11.513551 | P71: =$B$25+$B$26*B71+$B$27*C71+$B$28*D71+$B$29*E71 -> 1734.4537 | Q71: =F71-P71 -> 142.54627 | R71: =ABS(Q71) -> 142.54627 | S71: =Q71^2 -> 20319.44 | T71: =(F71-$B$13)^2 -> 11.513551 | U71: =$B$26*B71 -> 522.61771 | V71: =$B$27*C71 -> -48726.938 | W71: =$B$28*D71 -> 1412.8878 | X71: =$B$29*E71 -> 0.80287834 | Y71: =$B$25 -> 48525.084
A72: =DATASETS!A27 -> ROXAS BLVD. | B72: =DATASETS!C27 -> 191120 | C72: =DATASETS!B27 -> 2017 | D72: =DATASETS!I27 -> 1877 | E72: =DATASETS!H27 -> 60.8 | F72: =DATASETS!D27 -> 2365 | G72: =DATASETS!E27 -> Training | H72: =B72*F72 -> 451998800 | I72: =B72^2 -> 36526854400 | J72: =F72^2 -> 5593225 | K72: =$B$15+$B$14*B72 -> 2252.8677 | L72: =F72-K72 -> 112.13235 | M72: =ABS(L72) -> 112.13235 | N72: =L72^2 -> 12573.664 | O72: =(F72-$B$13)^2 -> 234843.79 | P72: =$B$25+$B$26*B72+$B$27*C72+$B$28*D72+$B$29*E72 -> 2080.5295 | Q72: =F72-P72 -> 284.47054 | R72: =ABS(Q72) -> 284.47054 | S72: =Q72^2 -> 80923.488 | T72: =(F72-$B$13)^2 -> 234843.79 | U72: =$B$26*B72 -> 570.15553 | V72: =$B$27*C72 -> -48751.108 | W72: =$B$28*D72 -> 1735.5958 | X72: =$B$29*E72 -> 0.80287834 | Y72: =$B$25 -> 48525.084
A73: =DATASETS!A28 -> ROXAS BLVD. | B73: =DATASETS!C28 -> 203487 | C73: =DATASETS!B28 -> 2018 | D73: =DATASETS!I28 -> 2365 | E73: =DATASETS!H28 -> 60.8 | F73: =DATASETS!D28 -> 2540 | G73: =DATASETS!E28 -> Training | H73: =B73*F73 -> 516856980 | I73: =B73^2 -> 41406959169 | J73: =F73^2 -> 6451600 | K73: =$B$15+$B$14*B73 -> 2443.0726 | L73: =F73-K73 -> 96.927416 | M73: =ABS(L73) -> 96.927416 | N73: =L73^2 -> 9394.924 | O73: =(F73-$B$13)^2 -> 435081.18 | P73: =$B$25+$B$26*B73+$B$27*C73+$B$28*D73+$B$29*E73 -> 2544.4894 | Q73: =F73-P73 -> -4.4894232 | R73: =ABS(Q73) -> 4.4894232 | S73: =Q73^2 -> 20.15492 | T73: =(F73-$B$13)^2 -> 435081.18 | U73: =$B$26*B73 -> 607.04918 | V73: =$B$27*C73 -> -48775.279 | W73: =$B$28*D73 -> 2186.8323 | X73: =$B$29*E73 -> 0.80287834 | Y73: =$B$25 -> 48525.084
A74: =DATASETS!A29 -> ROXAS BLVD. | B74: =DATASETS!C29 -> 203582 | C74: =DATASETS!B29 -> 2019 | D74: =DATASETS!I29 -> 2540 | E74: =DATASETS!H29 -> 60.8 | F74: =DATASETS!D29 -> 2737 | G74: =DATASETS!E29 -> Training | H74: =B74*F74 -> 557203934 | I74: =B74^2 -> 41445630724 | J74: =F74^2 -> 7491169 | K74: =$B$15+$B$14*B74 -> 2444.5337 | L74: =F74-K74 -> 292.46631 | M74: =ABS(L74) -> 292.46631 | N74: =L74^2 -> 85536.544 | O74: =(F74-$B$13)^2 -> 733775.27 | P74: =$B$25+$B$26*B74+$B$27*C74+$B$28*D74+$B$29*E74 -> 2682.4191 | Q74: =F74-P74 -> 54.580936 | R74: =ABS(Q74) -> 54.580936 | S74: =Q74^2 -> 2979.0786 | T74: =(F74-$B$13)^2 -> 733775.27 | U74: =$B$26*B74 -> 607.33258 | V74: =$B$27*C74 -> -48799.449 | W74: =$B$28*D74 -> 2348.6486 | X74: =$B$29*E74 -> 0.80287834 | Y74: =$B$25 -> 48525.084
A75: =DATASETS!A30 -> ROXAS BLVD. | B75: =DATASETS!C30 -> 190626 | C75: =DATASETS!B30 -> 2020 | D75: =DATASETS!I30 -> 2737 | E75: =DATASETS!H30 -> 60.8 | F75: =DATASETS!D30 -> 1401 | G75: =DATASETS!E30 -> Training | H75: =B75*F75 -> 267067026 | I75: =B75^2 -> 36338271876 | J75: =F75^2 -> 1962801 | K75: =$B$15+$B$14*B75 -> 2245.2699 | L75: =F75-K75 -> -844.26991 | M75: =ABS(L75) -> 844.26991 | N75: =L75^2 -> 712791.68 | O75: =(F75-$B$13)^2 -> 229817.8 | P75: =$B$25+$B$26*B75+$B$27*C75+$B$28*D75+$B$29*E75 -> 2801.7572 | Q75: =F75-P75 -> -1400.7572 | R75: =ABS(Q75) -> 1400.7572 | S75: =Q75^2 -> 1962120.6 | T75: =(F75-$B$13)^2 -> 229817.8 | U75: =$B$26*B75 -> 568.68181 | V75: =$B$27*C75 -> -48823.619 | W75: =$B$28*D75 -> 2530.8076 | X75: =$B$29*E75 -> 0.80287834 | Y75: =$B$25 -> 48525.084
A76: =DATASETS!A31 -> ROXAS BLVD. | B76: =DATASETS!C31 -> 209339 | C76: =DATASETS!B31 -> 2021 | D76: =DATASETS!I31 -> 1401 | E76: =DATASETS!H31 -> 60.8 | F76: =DATASETS!D31 -> 1283 | G76: =DATASETS!E31 -> Training | H76: =B76*F76 -> 268581937 | I76: =B76^2 -> 43822816921 | J76: =F76^2 -> 1646089 | K76: =$B$15+$B$14*B76 -> 2533.0766 | L76: =F76-K76 -> -1250.0766 | M76: =ABS(L76) -> 1250.0766 | N76: =L76^2 -> 1562691.4 | O76: =(F76-$B$13)^2 -> 356878.59 | P76: =$B$25+$B$26*B76+$B$27*C76+$B$28*D76+$B$29*E76 -> 1598.0601 | Q76: =F76-P76 -> -315.0601 | R76: =ABS(Q76) -> 315.0601 | S76: =Q76^2 -> 99262.869 | T76: =(F76-$B$13)^2 -> 356878.59 | U76: =$B$26*B76 -> 624.50706 | V76: =$B$27*C76 -> -48847.789 | W76: =$B$28*D76 -> 1295.4554 | X76: =$B$29*E76 -> 0.80287834 | Y76: =$B$25 -> 48525.084
A77: =DATASETS!A32 -> ROXAS BLVD. | B77: =DATASETS!C32 -> 186079 | C77: =DATASETS!B32 -> 2022 | D77: =DATASETS!I32 -> 1283 | E77: =DATASETS!H32 -> 60.8 | F77: =DATASETS!D32 -> 1786 | G77: =DATASETS!E32 -> Training | H77: =B77*F77 -> 332337094 | I77: =B77^2 -> 34625394241 | J77: =F77^2 -> 3189796 | K77: =$B$15+$B$14*B77 -> 2175.3369 | L77: =F77-K77 -> -389.33688 | M77: =ABS(L77) -> 389.33688 | N77: =L77^2 -> 151583.2 | O77: =(F77-$B$13)^2 -> 8910.0691 | P77: =$B$25+$B$26*B77+$B$27*C77+$B$28*D77+$B$29*E77 -> 1395.3895 | Q77: =F77-P77 -> 390.61046 | R77: =ABS(Q77) -> 390.61046 | S77: =Q77^2 -> 152576.53 | T77: =(F77-$B$13)^2 -> 8910.0691 | U77: =$B$26*B77 -> 555.11705 | V77: =$B$27*C77 -> -48871.959 | W77: =$B$28*D77 -> 1186.3449 | X77: =$B$29*E77 -> 0.80287834 | Y77: =$B$25 -> 48525.084
A78: =DATASETS!A33 -> ROXAS BLVD. | B78: =DATASETS!C33 -> 190184 | C78: =DATASETS!B33 -> 2023 | D78: =DATASETS!I33 -> 1786 | E78: =DATASETS!H33 -> 60.8 | F78: =DATASETS!D33 -> 1817 | G78: =DATASETS!E33 -> Training | H78: =B78*F78 -> 345564328 | I78: =B78^2 -> 36169953856 | J78: =F78^2 -> 3301489 | K78: =$B$15+$B$14*B78 -> 2238.4719 | L78: =F78-K78 -> -421.47194 | M78: =ABS(L78) -> 421.47194 | N78: =L78^2 -> 177638.59 | O78: =(F78-$B$13)^2 -> 4018.693 | P78: =$B$25+$B$26*B78+$B$27*C78+$B$28*D78+$B$29*E78 -> 1848.572 | Q78: =F78-P78 -> -31.572006 | R78: =ABS(Q78) -> 31.572006 | S78: =Q78^2 -> 996.79156 | T78: =(F78-$B$13)^2 -> 4018.693 | U78: =$B$26*B78 -> 567.36322 | V78: =$B$27*C78 -> -48896.129 | W78: =$B$28*D78 -> 1651.4513 | X78: =$B$29*E78 -> 0.80287834 | Y78: =$B$25 -> 48525.084
A79: =DATASETS!A34 -> ROXAS BLVD. | B79: =DATASETS!C34 -> 202820 | C79: =DATASETS!B34 -> 2024 | D79: =DATASETS!I34 -> 1817 | E79: =DATASETS!H34 -> 60.8 | F79: =DATASETS!D34 -> 1659 | G79: =DATASETS!E34 -> Training | H79: =B79*F79 -> 336478380 | I79: =B79^2 -> 41135952400 | J79: =F79^2 -> 2752281 | K79: =$B$15+$B$14*B79 -> 2432.8141 | L79: =F79-K79 -> -773.8141 | M79: =ABS(L79) -> 773.8141 | N79: =L79^2 -> 598788.26 | O79: =(F79-$B$13)^2 -> 49014.932 | P79: =$B$25+$B$26*B79+$B$27*C79+$B$28*D79+$B$29*E79 -> 1890.7626 | Q79: =F79-P79 -> -231.76264 | R79: =ABS(Q79) -> 231.76264 | S79: =Q79^2 -> 53713.922 | T79: =(F79-$B$13)^2 -> 49014.932 | U79: =$B$26*B79 -> 605.05936 | V79: =$B$27*C79 -> -48920.299 | W79: =$B$28*D79 -> 1680.116 | X79: =$B$29*E79 -> 0.80287834 | Y79: =$B$25 -> 48525.084
A80: =DATASETS!A36 -> TAFT AVE. | B80: =DATASETS!C36 -> 89848 | C80: =DATASETS!B36 -> 2016 | D80: =DATASETS!I36 -> 789 | E80: =DATASETS!H36 -> 42 | F80: =DATASETS!D36 -> 979 | G80: =DATASETS!E36 -> Training | H80: =B80*F80 -> 87961192 | I80: =B80^2 -> 8072663104 | J80: =F80^2 -> 958441 | K80: =$B$15+$B$14*B80 -> 695.30042 | L80: =F80-K80 -> 283.69958 | M80: =ABS(L80) -> 283.69958 | N80: =L80^2 -> 80485.452 | O80: =(F80-$B$13)^2 -> 812509.63 | P80: =$B$25+$B$26*B80+$B$27*C80+$B$28*D80+$B$29*E80 -> 796.298 | Q80: =F80-P80 -> 182.702 | R80: =ABS(Q80) -> 182.702 | S80: =Q80^2 -> 33380.019 | T80: =(F80-$B$13)^2 -> 812509.63 | U80: =$B$26*B80 -> 268.03754 | V80: =$B$27*C80 -> -48726.938 | W80: =$B$28*D80 -> 729.56053 | X80: =$B$29*E80 -> 0.55461991 | Y80: =$B$25 -> 48525.084
A81: =DATASETS!A37 -> TAFT AVE. | B81: =DATASETS!C37 -> 90586 | C81: =DATASETS!B37 -> 2017 | D81: =DATASETS!I37 -> 979 | E81: =DATASETS!H37 -> 42 | F81: =DATASETS!D37 -> 937 | G81: =DATASETS!E37 -> Training | H81: =B81*F81 -> 84879082 | I81: =B81^2 -> 8205823396 | J81: =F81^2 -> 877969 | K81: =$B$15+$B$14*B81 -> 706.65089 | L81: =F81-K81 -> 230.34911 | M81: =ABS(L81) -> 230.34911 | N81: =L81^2 -> 53060.713 | O81: =(F81-$B$13)^2 -> 889990.66 | P81: =$B$25+$B$26*B81+$B$27*C81+$B$28*D81+$B$29*E81 -> 950.01584 | Q81: =F81-P81 -> -13.015835 | R81: =ABS(Q81) -> 13.015835 | S81: =Q81^2 -> 169.41197 | T81: =(F81-$B$13)^2 -> 889990.66 | U81: =$B$26*B81 -> 270.23916 | V81: =$B$27*C81 -> -48751.108 | W81: =$B$28*D81 -> 905.24685 | X81: =$B$29*E81 -> 0.55461991 | Y81: =$B$25 -> 48525.084
A82: =DATASETS!A38 -> TAFT AVE. | B82: =DATASETS!C38 -> 91766 | C82: =DATASETS!B38 -> 2018 | D82: =DATASETS!I38 -> 937 | E82: =DATASETS!H38 -> 42 | F82: =DATASETS!D38 -> 930 | G82: =DATASETS!E38 -> Training | H82: =B82*F82 -> 85342380 | I82: =B82^2 -> 8420998756 | J82: =F82^2 -> 864900 | K82: =$B$15+$B$14*B82 -> 724.79933 | L82: =F82-K82 -> 205.20067 | M82: =ABS(L82) -> 205.20067 | N82: =L82^2 -> 42107.314 | O82: =(F82-$B$13)^2 -> 903247.16 | P82: =$B$25+$B$26*B82+$B$27*C82+$B$28*D82+$B$29*E82 -> 890.53002 | Q82: =F82-P82 -> 39.46998 | R82: =ABS(Q82) -> 39.46998 | S82: =Q82^2 -> 1557.8793 | T82: =(F82-$B$13)^2 -> 903247.16 | U82: =$B$26*B82 -> 273.75938 | V82: =$B$27*C82 -> -48775.279 | W82: =$B$28*D82 -> 866.41093 | X82: =$B$29*E82 -> 0.55461991 | Y82: =$B$25 -> 48525.084
A83: =DATASETS!A39 -> TAFT AVE. | B83: =DATASETS!C39 -> 100065 | C83: =DATASETS!B39 -> 2019 | D83: =DATASETS!I39 -> 930 | E83: =DATASETS!H39 -> 42 | F83: =DATASETS!D39 -> 1101 | G83: =DATASETS!E39 -> Training | H83: =B83*F83 -> 110171565 | I83: =B83^2 -> 10013004225 | J83: =F83^2 -> 1212201 | K83: =$B$15+$B$14*B83 -> 852.43827 | L83: =F83-K83 -> 248.56173 | M83: =ABS(L83) -> 248.56173 | N83: =L83^2 -> 61782.933 | O83: =(F83-$B$13)^2 -> 607453.7 | P83: =$B$25+$B$26*B83+$B$27*C83+$B$28*D83+$B$29*E83 -> 884.64511 | Q83: =F83-P83 -> 216.35489 | R83: =ABS(Q83) -> 216.35489 | S83: =Q83^2 -> 46809.438 | T83: =(F83-$B$13)^2 -> 607453.7 | U83: =$B$26*B83 -> 298.51723 | V83: =$B$27*C83 -> -48799.449 | W83: =$B$28*D83 -> 859.93827 | X83: =$B$29*E83 -> 0.55461991 | Y83: =$B$25 -> 48525.084
A84: =DATASETS!A40 -> TAFT AVE. | B84: =DATASETS!C40 -> 110916 | C84: =DATASETS!B40 -> 2020 | D84: =DATASETS!I40 -> 1101 | E84: =DATASETS!H40 -> 42 | F84: =DATASETS!D40 -> 502 | G84: =DATASETS!E40 -> Training | H84: =B84*F84 -> 55679832 | I84: =B84^2 -> 12302359056 | J84: =F84^2 -> 252004 | K84: =$B$15+$B$14*B84 -> 1019.3271 | L84: =F84-K84 -> -517.32707 | M84: =ABS(L84) -> 517.32707 | N84: =L84^2 -> 267627.29 | O84: =(F84-$B$13)^2 -> 1899967.7 | P84: =$B$25+$B$26*B84+$B$27*C84+$B$28*D84+$B$29*E84 -> 1050.9637 | Q84: =F84-P84 -> -548.96375 | R84: =ABS(Q84) -> 548.96375 | S84: =Q84^2 -> 301361.2 | T84: =(F84-$B$13)^2 -> 1899967.7 | U84: =$B$26*B84 -> 330.88829 | V84: =$B$27*C84 -> -48823.619 | W84: =$B$28*D84 -> 1018.056 | X84: =$B$29*E84 -> 0.55461991 | Y84: =$B$25 -> 48525.084
A85: =DATASETS!A41 -> TAFT AVE. | B85: =DATASETS!C41 -> 114715 | C85: =DATASETS!B41 -> 2021 | D85: =DATASETS!I41 -> 502 | E85: =DATASETS!H41 -> 42 | F85: =DATASETS!D41 -> 395 | G85: =DATASETS!E41 -> Training | H85: =B85*F85 -> 45312425 | I85: =B85^2 -> 13159531225 | J85: =F85^2 -> 156025 | K85: =$B$15+$B$14*B85 -> 1077.7558 | L85: =F85-K85 -> -682.75583 | M85: =ABS(L85) -> 682.75583 | N85: =L85^2 -> 466155.52 | O85: =(F85-$B$13)^2 -> 2206392.8 | P85: =$B$25+$B$26*B85+$B$27*C85+$B$28*D85+$B$29*E85 -> 484.25272 | Q85: =F85-P85 -> -89.252722 | R85: =ABS(Q85) -> 89.252722 | S85: =Q85^2 -> 7966.0485 | T85: =(F85-$B$13)^2 -> 2206392.8 | U85: =$B$26*B85 -> 342.2216 | V85: =$B$27*C85 -> -48847.789 | W85: =$B$28*D85 -> 464.18173 | X85: =$B$29*E85 -> 0.55461991 | Y85: =$B$25 -> 48525.084
A86: =DATASETS!A42 -> TAFT AVE. | B86: =DATASETS!C42 -> 194464 | C86: =DATASETS!B42 -> 2022 | D86: =DATASETS!I42 -> 395 | E86: =DATASETS!H42 -> 42 | F86: =DATASETS!D42 -> 538 | G86: =DATASETS!E42 -> Training | H86: =B86*F86 -> 104621632 | I86: =B86^2 -> 37816247296 | J86: =F86^2 -> 289444 | K86: =$B$15+$B$14*B86 -> 2304.2985 | L86: =F86-K86 -> -1766.2985 | M86: =ABS(L86) -> 1766.2985 | N86: =L86^2 -> 3119810.4 | O86: =(F86-$B$13)^2 -> 1802019.4 | P86: =$B$25+$B$26*B86+$B$27*C86+$B$28*D86+$B$29*E86 -> 599.05334 | Q86: =F86-P86 -> -61.053345 | R86: =ABS(Q86) -> 61.053345 | S86: =Q86^2 -> 3727.5109 | T86: =(F86-$B$13)^2 -> 1802019.4 | U86: =$B$26*B86 -> 580.13146 | V86: =$B$27*C86 -> -48871.959 | W86: =$B$28*D86 -> 365.2426 | X86: =$B$29*E86 -> 0.55461991 | Y86: =$B$25 -> 48525.084
A87: =DATASETS!A43 -> TAFT AVE. | B87: =DATASETS!C43 -> 134321 | C87: =DATASETS!B43 -> 2023 | D87: =DATASETS!I43 -> 538 | E87: =DATASETS!H43 -> 42 | F87: =DATASETS!D43 -> 587 | G87: =DATASETS!E43 -> Training | H87: =B87*F87 -> 78846427 | I87: =B87^2 -> 18042131041 | J87: =F87^2 -> 344569 | K87: =$B$15+$B$14*B87 -> 1379.2969 | L87: =F87-K87 -> -792.29686 | M87: =ABS(L87) -> 792.29686 | N87: =L87^2 -> 627734.31 | O87: =(F87-$B$13)^2 -> 1672865.9 | P87: =$B$25+$B$26*B87+$B$27*C87+$B$28*D87+$B$29*E87 -> 527.68971 | Q87: =F87-P87 -> 59.310291 | R87: =ABS(Q87) -> 59.310291 | S87: =Q87^2 -> 3517.7106 | T87: =(F87-$B$13)^2 -> 1672865.9 | U87: =$B$26*B87 -> 400.71087 | V87: =$B$27*C87 -> -48896.129 | W87: =$B$28*D87 -> 497.46967 | X87: =$B$29*E87 -> 0.55461991 | Y87: =$B$25 -> 48525.084
A88: =DATASETS!A44 -> TAFT AVE. | B88: =DATASETS!C44 -> 119119 | C88: =DATASETS!B44 -> 2024 | D88: =DATASETS!I44 -> 587 | E88: =DATASETS!H44 -> 42 | F88: =DATASETS!D44 -> 481 | G88: =DATASETS!E44 -> Training | H88: =B88*F88 -> 57296239 | I88: =B88^2 -> 14189336161 | J88: =F88^2 -> 231361 | K88: =$B$15+$B$14*B88 -> 1145.4895 | L88: =F88-K88 -> -664.48952 | M88: =ABS(L88) -> 664.48952 | N88: =L88^2 -> 441546.32 | O88: =(F88-$B$13)^2 -> 1958301.2 | P88: =$B$25+$B$26*B88+$B$27*C88+$B$28*D88+$B$29*E88 -> 503.47707 | Q88: =F88-P88 -> -22.477065 | R88: =ABS(Q88) -> 22.477065 | S88: =Q88^2 -> 505.21847 | T88: =(F88-$B$13)^2 -> 1958301.2 | U88: =$B$26*B88 -> 355.35976 | V88: =$B$27*C88 -> -48920.299 | W88: =$B$28*D88 -> 542.77824 | X88: =$B$29*E88 -> 0.55461991 | Y88: =$B$25 -> 48525.084
A89: =DATASETS!A46 -> SSH | B89: =DATASETS!C46 -> 99923 | C89: =DATASETS!B46 -> 2016 | D89: =DATASETS!I46 -> 1481 | E89: =DATASETS!H46 -> 396.48 | F89: =DATASETS!D46 -> 1075 | G89: =DATASETS!E46 -> Training | H89: =B89*F89 -> 107417225 | I89: =B89^2 -> 9984605929 | J89: =F89^2 -> 1155625 | K89: =$B$15+$B$14*B89 -> 850.25431 | L89: =F89-K89 -> 224.74569 | M89: =ABS(L89) -> 224.74569 | N89: =L89^2 -> 50510.627 | O89: =(F89-$B$13)^2 -> 648658.15 | P89: =$B$25+$B$26*B89+$B$27*C89+$B$28*D89+$B$29*E89 -> 1470.9031 | Q89: =F89-P89 -> -395.90312 | R89: =ABS(Q89) -> 395.90312 | S89: =Q89^2 -> 156739.28 | T89: =(F89-$B$13)^2 -> 648658.15 | U89: =$B$26*B89 -> 298.09361 | V89: =$B$27*C89 -> -48726.938 | W89: =$B$28*D89 -> 1369.4286 | X89: =$B$29*E89 -> 5.2356119 | Y89: =$B$25 -> 48525.084
A90: =DATASETS!A47 -> SSH | B90: =DATASETS!C47 -> 103377 | C90: =DATASETS!B47 -> 2017 | D90: =DATASETS!I47 -> 1075 | E90: =DATASETS!H47 -> 396.48 | F90: =DATASETS!D47 -> 970 | G90: =DATASETS!E47 -> Training | H90: =B90*F90 -> 100275690 | I90: =B90^2 -> 10686804129 | J90: =F90^2 -> 940900 | K90: =$B$15+$B$14*B90 -> 903.37696 | L90: =F90-K90 -> 66.623043 | M90: =ABS(L90) -> 66.623043 | N90: =L90^2 -> 4438.6298 | O90: =(F90-$B$13)^2 -> 828815.71 | P90: =$B$25+$B$26*B90+$B$27*C90+$B$28*D90+$B$29*E90 -> 1081.6232 | Q90: =F90-P90 -> -111.62318 | R90: =ABS(Q90) -> 111.62318 | S90: =Q90^2 -> 12459.735 | T90: =(F90-$B$13)^2 -> 828815.71 | U90: =$B$26*B90 -> 308.3977 | V90: =$B$27*C90 -> -48751.108 | W90: =$B$28*D90 -> 994.01467 | X90: =$B$29*E90 -> 5.2356119 | Y90: =$B$25 -> 48525.084
A91: =DATASETS!A48 -> SSH | B91: =DATASETS!C48 -> 100909 | C91: =DATASETS!B48 -> 2018 | D91: =DATASETS!I48 -> 970 | E91: =DATASETS!H48 -> 396.48 | F91: =DATASETS!D48 -> 1130 | G91: =DATASETS!E48 -> Training | H91: =B91*F91 -> 114027170 | I91: =B91^2 -> 10182626281 | J91: =F91^2 -> 1276900 | K91: =$B$15+$B$14*B91 -> 865.41902 | L91: =F91-K91 -> 264.58098 | M91: =ABS(L91) -> 264.58098 | N91: =L91^2 -> 70003.093 | O91: =(F91-$B$13)^2 -> 563089.9 | P91: =$B$25+$B$26*B91+$B$27*C91+$B$28*D91+$B$29*E91 -> 953.00065 | Q91: =F91-P91 -> 176.99935 | R91: =ABS(Q91) -> 176.99935 | S91: =Q91^2 -> 31328.769 | T91: =(F91-$B$13)^2 -> 563089.9 | U91: =$B$26*B91 -> 301.03508 | V91: =$B$27*C91 -> -48775.279 | W91: =$B$28*D91 -> 896.92486 | X91: =$B$29*E91 -> 5.2356119 | Y91: =$B$25 -> 48525.084
A92: =DATASETS!A49 -> SSH | B92: =DATASETS!C49 -> 130434 | C92: =DATASETS!B49 -> 2019 | D92: =DATASETS!I49 -> 1130 | E92: =DATASETS!H49 -> 396.48 | F92: =DATASETS!D49 -> 1293 | G92: =DATASETS!E49 -> Training | H92: =B92*F92 -> 168651162 | I92: =B92^2 -> 17013028356 | J92: =F92^2 -> 1671849 | K92: =$B$15+$B$14*B92 -> 1319.5147 | L92: =F92-K92 -> -26.514651 | M92: =ABS(L92) -> 26.514651 | N92: =L92^2 -> 703.02674 | O92: =(F92-$B$13)^2 -> 345030.73 | P92: =$B$25+$B$26*B92+$B$27*C92+$B$28*D92+$B$29*E92 -> 1164.8569 | Q92: =F92-P92 -> 128.14313 | R92: =ABS(Q92) -> 128.14313 | S92: =Q92^2 -> 16420.661 | T92: =(F92-$B$13)^2 -> 345030.73 | U92: =$B$26*B92 -> 389.11504 | V92: =$B$27*C92 -> -48799.449 | W92: =$B$28*D92 -> 1044.8712 | X92: =$B$29*E92 -> 5.2356119 | Y92: =$B$25 -> 48525.084
A93: =DATASETS!A50 -> SSH | B93: =DATASETS!C50 -> 142755 | C93: =DATASETS!B50 -> 2020 | D93: =DATASETS!I50 -> 1293 | E93: =DATASETS!H50 -> 396.48 | F93: =DATASETS!D50 -> 639 | G93: =DATASETS!E50 -> Training | H93: =B93*F93 -> 91220445 | I93: =B93^2 -> 20378990025 | J93: =F93^2 -> 408321 | K93: =$B$15+$B$14*B93 -> 1509.0121 | L93: =F93-K93 -> -870.0121 | M93: =ABS(L93) -> 870.0121 | N93: =L93^2 -> 756921.06 | O93: =(F93-$B$13)^2 -> 1541057 | P93: =$B$25+$B$26*B93+$B$27*C93+$B$28*D93+$B$29*E93 -> 1328.1635 | Q93: =F93-P93 -> -689.16355 | R93: =ABS(Q93) -> 689.16355 | S93: =Q93^2 -> 474946.39 | T93: =(F93-$B$13)^2 -> 1541057 | U93: =$B$26*B93 -> 425.87146 | V93: =$B$27*C93 -> -48823.619 | W93: =$B$28*D93 -> 1195.5916 | X93: =$B$29*E93 -> 5.2356119 | Y93: =$B$25 -> 48525.084
A94: =DATASETS!A51 -> SSH | B94: =DATASETS!C51 -> 187189 | C94: =DATASETS!B51 -> 2021 | D94: =DATASETS!I51 -> 639 | E94: =DATASETS!H51 -> 396.48 | F94: =DATASETS!D51 -> 223 | G94: =DATASETS!E51 -> Training | H94: =B94*F94 -> 41743147 | I94: =B94^2 -> 35039721721 | J94: =F94^2 -> 49729 | K94: =$B$15+$B$14*B94 -> 2192.4087 | L94: =F94-K94 -> -1969.4087 | M94: =ABS(L94) -> 1969.4087 | N94: =L94^2 -> 3878570.7 | O94: =(F94-$B$13)^2 -> 2746952.1 | P94: =$B$25+$B$26*B94+$B$27*C94+$B$28*D94+$B$29*E94 -> 831.81964 | Q94: =F94-P94 -> -608.81964 | R94: =ABS(Q94) -> 608.81964 | S94: =Q94^2 -> 370661.35 | T94: =(F94-$B$13)^2 -> 2746952.1 | U94: =$B$26*B94 -> 558.42844 | V94: =$B$27*C94 -> -48847.789 | W94: =$B$28*D94 -> 590.86081 | X94: =$B$29*E94 -> 5.2356119 | Y94: =$B$25 -> 48525.084
A95: =DATASETS!A52 -> SSH | B95: =DATASETS!C52 -> 260549 | C95: =DATASETS!B52 -> 2022 | D95: =DATASETS!I52 -> 223 | E95: =DATASETS!H52 -> 396.48 | F95: =DATASETS!D52 -> 909 | G95: =DATASETS!E52 -> Training | H95: =B95*F95 -> 236839041 | I95: =B95^2 -> 67885781401 | J95: =F95^2 -> 826281 | K95: =$B$15+$B$14*B95 -> 3320.6883 | L95: =F95-K95 -> -2411.6883 | M95: =ABS(L95) -> 2411.6883 | N95: =L95^2 -> 5816240.6 | O95: =(F95-$B$13)^2 -> 943604.68 | P95: =$B$25+$B$26*B95+$B$27*C95+$B$28*D95+$B$29*E95 -> 641.83896 | Q95: =F95-P95 -> 267.16104 | R95: =ABS(Q95) -> 267.16104 | S95: =Q95^2 -> 71375.023 | T95: =(F95-$B$13)^2 -> 943604.68 | U95: =$B$26*B95 -> 777.27843 | V95: =$B$27*C95 -> -48871.959 | W95: =$B$28*D95 -> 206.20025 | X95: =$B$29*E95 -> 5.2356119 | Y95: =$B$25 -> 48525.084
A96: =DATASETS!A53 -> SSH | B96: =DATASETS!C53 -> 176904 | C96: =DATASETS!B53 -> 2023 | D96: =DATASETS!I53 -> 909 | E96: =DATASETS!H53 -> 396.48 | F96: =DATASETS!D53 -> 947 | G96: =DATASETS!E53 -> Training | H96: =B96*F96 -> 167528088 | I96: =B96^2 -> 31295025216 | J96: =F96^2 -> 896809 | K96: =$B$15+$B$14*B96 -> 2034.225 | L96: =F96-K96 -> -1087.225 | M96: =ABS(L96) -> 1087.225 | N96: =L96^2 -> 1182058.3 | O96: =(F96-$B$13)^2 -> 871222.8 | P96: =$B$25+$B$26*B96+$B$27*C96+$B$28*D96+$B$29*E96 -> 1002.4564 | Q96: =F96-P96 -> -55.456365 | R96: =ABS(Q96) -> 55.456365 | S96: =Q96^2 -> 3075.4084 | T96: =(F96-$B$13)^2 -> 871222.8 | U96: =$B$26*B96 -> 527.74589 | V96: =$B$27*C96 -> -48896.129 | W96: =$B$28*D96 -> 840.52031 | X96: =$B$29*E96 -> 5.2356119 | Y96: =$B$25 -> 48525.084
A97: =DATASETS!A54 -> SSH | B97: =DATASETS!C54 -> 193641 | C97: =DATASETS!B54 -> 2024 | D97: =DATASETS!I54 -> 947 | E97: =DATASETS!H54 -> 396.48 | F97: =DATASETS!D54 -> 1040 | G97: =DATASETS!E54 -> Training | H97: =B97*F97 -> 201386640 | I97: =B97^2 -> 37496836881 | J97: =F97^2 -> 1081600 | K97: =$B$15+$B$14*B97 -> 2291.6407 | L97: =F97-K97 -> -1251.6407 | M97: =ABS(L97) -> 1251.6407 | N97: =L97^2 -> 1566604.5 | O97: =(F97-$B$13)^2 -> 706260.67 | P97: =$B$25+$B$26*B97+$B$27*C97+$B$28*D97+$B$29*E97 -> 1063.3539 | Q97: =F97-P97 -> -23.353894 | R97: =ABS(Q97) -> 23.353894 | S97: =Q97^2 -> 545.40436 | T97: =(F97-$B$13)^2 -> 706260.67 | U97: =$B$26*B97 -> 577.67626 | V97: =$B$27*C97 -> -48920.299 | W97: =$B$28*D97 -> 875.65757 | X97: =$B$29*E97 -> 5.2356119 | Y97: =$B$25 -> 48525.084
A98: =DATASETS!A56 -> ORTIGAS AVE. | B98: =DATASETS!C56 -> 153425 | C98: =DATASETS!B56 -> 2016 | D98: =DATASETS!I56 -> 1973 | E98: =DATASETS!H56 -> 72.6 | F98: =DATASETS!D56 -> 2289 | G98: =DATASETS!E56 -> Training | H98: =B98*F98 -> 351189825 | I98: =B98^2 -> 23539230625 | J98: =F98^2 -> 5239521 | K98: =$B$15+$B$14*B98 -> 1673.1171 | L98: =F98-K98 -> 615.88289 | M98: =ABS(L98) -> 615.88289 | N98: =L98^2 -> 379311.73 | O98: =(F98-$B$13)^2 -> 166959.55 | P98: =$B$25+$B$26*B98+$B$27*C98+$B$28*D98+$B$29*E98 -> 2081.1702 | Q98: =F98-P98 -> 207.82976 | R98: =ABS(Q98) -> 207.82976 | S98: =Q98^2 -> 43193.211 | T98: =(F98-$B$13)^2 -> 166959.55 | U98: =$B$26*B98 -> 457.70256 | V98: =$B$27*C98 -> -48726.938 | W98: =$B$28*D98 -> 1824.3637 | X98: =$B$29*E98 -> 0.95870013 | Y98: =$B$25 -> 48525.084
A99: =DATASETS!A57 -> ORTIGAS AVE. | B99: =DATASETS!C57 -> 153955 | C99: =DATASETS!B57 -> 2017 | D99: =DATASETS!I57 -> 2289 | E99: =DATASETS!H57 -> 72.6 | F99: =DATASETS!D57 -> 2006 | G99: =DATASETS!E57 -> Training | H99: =B99*F99 -> 308833730 | I99: =B99^2 -> 23702142025 | J99: =F99^2 -> 4024036 | K99: =$B$15+$B$14*B99 -> 1681.2685 | L99: =F99-K99 -> 324.73147 | M99: =ABS(L99) -> 324.73147 | N99: =L99^2 -> 105450.53 | O99: =(F99-$B$13)^2 -> 15777.078 | P99: =$B$25+$B$26*B99+$B$27*C99+$B$28*D99+$B$29*E99 -> 2350.7753 | Q99: =F99-P99 -> -344.77532 | R99: =ABS(Q99) -> 344.77532 | S99: =Q99^2 -> 118870.02 | T99: =(F99-$B$13)^2 -> 15777.078 | U99: =$B$26*B99 -> 459.28367 | V99: =$B$27*C99 -> -48751.108 | W99: =$B$28*D99 -> 2116.5577 | X99: =$B$29*E99 -> 0.95870013 | Y99: =$B$25 -> 48525.084
A100: =DATASETS!A58 -> ORTIGAS AVE. | B100: =DATASETS!C58 -> 174480 | C100: =DATASETS!B58 -> 2018 | D100: =DATASETS!I58 -> 2006 | E100: =DATASETS!H58 -> 72.6 | F100: =DATASETS!D58 -> 2683 | G100: =DATASETS!E58 -> Training | H100: =B100*F100 -> 468129840 | I100: =B100^2 -> 30443270400 | J100: =F100^2 -> 7198489 | K100: =$B$15+$B$14*B100 -> 1996.9438 | L100: =F100-K100 -> 686.05618 | M100: =ABS(L100) -> 686.05618 | N100: =L100^2 -> 470673.09 | O100: =(F100-$B$13)^2 -> 644177.74 | P100: =$B$25+$B$26*B100+$B$27*C100+$B$28*D100+$B$29*E100 -> 2126.1559 | Q100: =F100-P100 -> 556.84407 | R100: =ABS(Q100) -> 556.84407 | S100: =Q100^2 -> 310075.32 | T100: =(F100-$B$13)^2 -> 644177.74 | U100: =$B$26*B100 -> 520.51453 | V100: =$B$27*C100 -> -48775.279 | W100: =$B$28*D100 -> 1854.8776 | X100: =$B$29*E100 -> 0.95870013 | Y100: =$B$25 -> 48525.084
A101: =DATASETS!A59 -> ORTIGAS AVE. | B101: =DATASETS!C59 -> 180737 | C101: =DATASETS!B59 -> 2019 | D101: =DATASETS!I59 -> 2683 | E101: =DATASETS!H59 -> 72.6 | F101: =DATASETS!D59 -> 2922 | G101: =DATASETS!E59 -> Training | H101: =B101*F101 -> 528113514 | I101: =B101^2 -> 32665863169 | J101: =F101^2 -> 8538084 | K101: =$B$15+$B$14*B101 -> 2093.1767 | L101: =F101-K101 -> 828.82329 | M101: =ABS(L101) -> 828.82329 | N101: =L101^2 -> 686948.04 | O101: =(F101-$B$13)^2 -> 1084944.8 | P101: =$B$25+$B$26*B101+$B$27*C101+$B$28*D101+$B$29*E101 -> 2746.65 | Q101: =F101-P101 -> 175.35001 | R101: =ABS(Q101) -> 175.35001 | S101: =Q101^2 -> 30747.626 | T101: =(F101-$B$13)^2 -> 1084944.8 | U101: =$B$26*B101 -> 539.18062 | V101: =$B$27*C101 -> -48799.449 | W101: =$B$28*D101 -> 2480.8757 | X101: =$B$29*E101 -> 0.95870013 | Y101: =$B$25 -> 48525.084
A102: =DATASETS!A60 -> ORTIGAS AVE. | B102: =DATASETS!C60 -> 172490 | C102: =DATASETS!B60 -> 2020 | D102: =DATASETS!I60 -> 2922 | E102: =DATASETS!H60 -> 72.6 | F102: =DATASETS!D60 -> 1266 | G102: =DATASETS!E60 -> Training | H102: =B102*F102 -> 218372340 | I102: =B102^2 -> 29752800100 | J102: =F102^2 -> 1602756 | K102: =$B$15+$B$14*B102 -> 1966.3375 | L102: =F102-K102 -> -700.33754 | M102: =ABS(L102) -> 700.33754 | N102: =L102^2 -> 490472.67 | O102: =(F102-$B$13)^2 -> 377478.96 | P102: =$B$25+$B$26*B102+$B$27*C102+$B$28*D102+$B$29*E102 -> 2918.872 | Q102: =F102-P102 -> -1652.872 | R102: =ABS(Q102) -> 1652.872 | S102: =Q102^2 -> 2731986 | T102: =(F102-$B$13)^2 -> 377478.96 | U102: =$B$26*B102 -> 514.5779 | V102: =$B$27*C102 -> -48823.619 | W102: =$B$28*D102 -> 2701.8706 | X102: =$B$29*E102 -> 0.95870013 | Y102: =$B$25 -> 48525.084
A103: =DATASETS!A61 -> ORTIGAS AVE. | B103: =DATASETS!C61 -> 185699 | C103: =DATASETS!B61 -> 2021 | D103: =DATASETS!I61 -> 1266 | E103: =DATASETS!H61 -> 72.6 | F103: =DATASETS!D61 -> 1080 | G103: =DATASETS!E61 -> Training | H103: =B103*F103 -> 200554920 | I103: =B103^2 -> 34484118601 | J103: =F103^2 -> 1166400 | K103: =$B$15+$B$14*B103 -> 2169.4925 | L103: =F103-K103 -> -1089.4925 | M103: =ABS(L103) -> 1089.4925 | N103: =L103^2 -> 1186993.8 | O103: =(F103-$B$13)^2 -> 640629.21 | P103: =$B$25+$B$26*B103+$B$27*C103+$B$28*D103+$B$29*E103 -> 1402.8625 | Q103: =F103-P103 -> -322.86254 | R103: =ABS(Q103) -> 322.86254 | S103: =Q103^2 -> 104240.22 | T103: =(F103-$B$13)^2 -> 640629.21 | U103: =$B$26*B103 -> 553.98342 | V103: =$B$27*C103 -> -48847.789 | W103: =$B$28*D103 -> 1170.6256 | X103: =$B$29*E103 -> 0.95870013 | Y103: =$B$25 -> 48525.084
A104: =DATASETS!A62 -> ORTIGAS AVE. | B104: =DATASETS!C62 -> 179661 | C104: =DATASETS!B62 -> 2022 | D104: =DATASETS!I62 -> 1080 | E104: =DATASETS!H62 -> 72.6 | F104: =DATASETS!D62 -> 1349 | G104: =DATASETS!E62 -> Training | H104: =B104*F104 -> 242362689 | I104: =B104^2 -> 32278074921 | J104: =F104^2 -> 1819801 | K104: =$B$15+$B$14*B104 -> 2076.6278 | L104: =F104-K104 -> -727.62779 | M104: =ABS(L104) -> 727.62779 | N104: =L104^2 -> 529442.21 | O104: =(F104-$B$13)^2 -> 282378.69 | P104: =$B$25+$B$26*B104+$B$27*C104+$B$28*D104+$B$29*E104 -> 1188.692 | Q104: =F104-P104 -> 160.30798 | R104: =ABS(Q104) -> 160.30798 | S104: =Q104^2 -> 25698.649 | T104: =(F104-$B$13)^2 -> 282378.69 | U104: =$B$26*B104 -> 535.97066 | V104: =$B$27*C104 -> -48871.959 | W104: =$B$28*D104 -> 998.63799 | X104: =$B$29*E104 -> 0.95870013 | Y104: =$B$25 -> 48525.084
A105: =DATASETS!A63 -> ORTIGAS AVE. | B105: =DATASETS!C63 -> 146597 | C105: =DATASETS!B63 -> 2023 | D105: =DATASETS!I63 -> 1349 | E105: =DATASETS!H63 -> 72.6 | F105: =DATASETS!D63 -> 2167 | G105: =DATASETS!E63 -> Training | H105: =B105*F105 -> 317675699 | I105: =B105^2 -> 21490680409 | J105: =F105^2 -> 4695889 | K105: =$B$15+$B$14*B105 -> 1568.1022 | L105: =F105-K105 -> 598.89779 | M105: =ABS(L105) -> 598.89779 | N105: =L105^2 -> 358678.56 | O105: =(F105-$B$13)^2 -> 82143.479 | P105: =$B$25+$B$26*B105+$B$27*C105+$B$28*D105+$B$29*E105 -> 1314.6191 | Q105: =F105-P105 -> 852.38088 | R105: =ABS(Q105) -> 852.38088 | S105: =Q105^2 -> 726553.16 | T105: =(F105-$B$13)^2 -> 82143.479 | U105: =$B$26*B105 -> 437.33304 | V105: =$B$27*C105 -> -48896.129 | W105: =$B$28*D105 -> 1247.3728 | X105: =$B$29*E105 -> 0.95870013 | Y105: =$B$25 -> 48525.084
A106: =DATASETS!A64 -> ORTIGAS AVE. | B106: =DATASETS!C64 -> 188765 | C106: =DATASETS!B64 -> 2024 | D106: =DATASETS!I64 -> 2167 | E106: =DATASETS!H64 -> 72.6 | F106: =DATASETS!D64 -> 1930 | G106: =DATASETS!E64 -> Training | H106: =B106*F106 -> 364316450 | I106: =B106^2 -> 35632225225 | J106: =F106^2 -> 3724900 | K106: =$B$15+$B$14*B106 -> 2216.6477 | L106: =F106-K106 -> -286.64766 | M106: =ABS(L106) -> 286.64766 | N106: =L106^2 -> 82166.882 | O106: =(F106-$B$13)^2 -> 2460.8383 | P106: =$B$25+$B$26*B106+$B$27*C106+$B$28*D106+$B$29*E106 -> 2172.6218 | Q106: =F106-P106 -> -242.6218 | R106: =ABS(Q106) -> 242.6218 | S106: =Q106^2 -> 58865.34 | T106: =(F106-$B$13)^2 -> 2460.8383 | U106: =$B$26*B106 -> 563.13002 | V106: =$B$27*C106 -> -48920.299 | W106: =$B$28*D106 -> 2003.7486 | X106: =$B$29*E106 -> 0.95870013 | Y106: =$B$25 -> 48525.084
A107: =DATASETS!A66 -> R-6 MAGSAYSAY / AURORA BLVD. | B107: =DATASETS!C66 -> 95187 | C107: =DATASETS!B66 -> 2016 | D107: =DATASETS!I66 -> 1505 | E107: =DATASETS!H66 -> 85 | F107: =DATASETS!D66 -> 1707 | G107: =DATASETS!E66 -> Training | H107: =B107*F107 -> 162484209 | I107: =B107^2 -> 9060564969 | J107: =F107^2 -> 2913849 | K107: =$B$15+$B$14*B107 -> 777.41444 | L107: =F107-K107 -> 929.58556 | M107: =ABS(L107) -> 929.58556 | N107: =L107^2 -> 864129.31 | O107: =(F107-$B$13)^2 -> 30065.189 | P107: =$B$25+$B$26*B107+$B$27*C107+$B$28*D107+$B$29*E107 -> 1474.8533 | Q107: =F107-P107 -> 232.14669 | R107: =ABS(Q107) -> 232.14669 | S107: =Q107^2 -> 53892.084 | T107: =(F107-$B$13)^2 -> 30065.189 | U107: =$B$26*B107 -> 283.96502 | V107: =$B$27*C107 -> -48726.938 | W107: =$B$28*D107 -> 1391.6205 | X107: =$B$29*E107 -> 1.1224451 | Y107: =$B$25 -> 48525.084
...

Sheet RF_CAL
A1: RF_CAL – Random Forest Regression (10 bootstrap trees): (A) original AADT-only configuration and (B) extended predictors – trained on 117 non-EDSA observations
A2: Split features/thresholds and bootstrap draw counts (yellow) were produced by the fitted scikit-learn model. Leaf values, tree predictions, forest averages and all errors are live Excel formulas. EDSA is never used to fit.
A4: A. MODEL CONFIGURATION (scikit-learn RandomForestRegressor – same hyper-parameters as the original AADT-only model)
A5: Library / version | B5: scikit-learn 1.8.0
A6: n_estimators (trees) | B6: 10
A7: max_depth | B7: 3
A8: min_samples_leaf | B8: 3
A9: bootstrap | B9: TRUE (117 draws with replacement per tree)
A10: max_features | B10: 1.0 (all predictors considered at every split)
A11: criterion | B11: squared_error
A12: random_state (master seed) | B12: 42
A13: Training observations | B13: =COUNT($T$90:$T$206) -> 117
A14: A. Baseline predictors | B14: AADT only
A15: B. Extended predictors (17 columns) | B15: AADT, Year, Prev, LaneKm + 13 one-hot road indicators (columns G–S)
A16: Categorical encoding of Road | B16: One-hot: one 0/1 column per training road. EDSA is not a training road → all 13 indicators = 0 (road identity unknown to the forest).
A18: B. HOW THE FOREST IS FITTED AND HOW IT PREDICTS (no single linear equation exists)
A19: 1. Bootstrap: for each tree, 117 rows are drawn WITH replacement from the 117 training rows (draw counts in the yellow count columns of each block).
A20: 2. Tree growth: at every node the algorithm tries every predictor and split point and keeps the one that most reduces squared error; stops at depth 3 or when a leaf would
A21: have fewer than 3 samples. The chosen predictor/threshold of every node are in the yellow split tables at the bottom of this sheet (fitted by Python).
A22: 3. Leaf value = bootstrap-weighted mean of Y of the training rows falling in that leaf – recomputed here with SUMPRODUCT formulas (white cells in the leaf-value tables).
A23: 4. Tree prediction = value of the leaf the row falls into (leaf found with a nested IF built from the split table). Forest prediction = average of the 10 trees.
A24: 5. Model-generated: the split choices and bootstrap draws. Ordinary Excel: leaf means, tree predictions, averages, residuals, SSE, SST, R², MAE, RMSE.
A25: 6. Trees cannot extrapolate: if EDSA’s Prev, AADT or Year lie above the highest training split, it receives the value of the top leaf (see EDSA_TEST_ROAD).
A27: C. TRAINING METRICS (117 training rows; formulas)
A28: Metric | B28: A: AADT only | C28: B: Extended
A29: SSE = Σ(y − ŷ)² | B29: =SUM($BB$90:$BB$206) -> 1.7288248e+08 | C29: =SUM($CL$90:$CL$206) -> 26417619
A30: SST = Σ(y − Ȳ)² | B30: =SUM($BC$90:$BC$206) -> 4.1726995e+08 | C30: =SUM($CM$90:$CM$206) -> 4.1726995e+08
A31: R² = 1 − SSE/SST | B31: =1-B29/B30 -> 0.58568193 | C31: =1-C29/C30 -> 0.93668938
A32: MAE = Σ|y − ŷ|/n | B32: =SUM($BA$90:$BA$206)/$B$13 -> 824.45577 | C32: =SUM($CK$90:$CK$206)/$B$13 -> 340.64423
A33: RMSE = √(SSE/n) | B33: =SQRT(B29/$B$13) -> 1215.5772 | C33: =SQRT(C29/$B$13) -> 475.17535
A34: Training metrics of tree models are optimistic (they fit the training roads closely); judge them on EDSA_TEST_ROAD.
A36: D. WORKED EXAMPLE – trace one observation through the 10 trees (change the blue observation number: 1–117 training, 118–126 EDSA test; default 122 = EDSA 2020)
A37: Observation # | B37: 122
A38: Road | B38: =INDEX($A$90:$A$215,$B$37) -> EDSA
A39: Dataset | B39: =INDEX($B$90:$B$215,$B$37) -> EDSA Test
A40: AADT | B40: =INDEX($C$90:$C$215,$B$37) -> 328114
A41: Year | B41: =INDEX($D$90:$D$215,$B$37) -> 2020
A42: Prev | B42: =INDEX($E$90:$E$215,$B$37) -> 17382
A43: LaneKm | B43: =INDEX($F$90:$F$215,$B$37) -> 285.6
A44: Actual crashes | B44: =INDEX($T$90:$T$215,$B$37) -> 7319
A46: Tree | B46: A: leaf node | C46: A: tree prediction | D46: B: leaf node | E46: B: tree prediction
A47: 1 | B47: =INDEX($AE$90:$AE$215,$B$37) -> 12 | C47: =INDEX($AO$90:$AO$215,$B$37) -> 3512.1429 | D47: =INDEX($BO$90:$BO$215,$B$37) -> 12 | E47: =INDEX($BY$90:$BY$215,$B$37) -> 3616.75
A48: 2 | B48: =INDEX($AF$90:$AF$215,$B$37) -> 14 | C48: =INDEX($AP$90:$AP$215,$B$37) -> 4040.3636 | D48: =INDEX($BP$90:$BP$215,$B$37) -> 14 | E48: =INDEX($BZ$90:$BZ$215,$B$37) -> 8401.5
A49: 3 | B49: =INDEX($AG$90:$AG$215,$B$37) -> 14 | C49: =INDEX($AQ$90:$AQ$215,$B$37) -> 3393.8824 | D49: =INDEX($BQ$90:$BQ$215,$B$37) -> 12 | E49: =INDEX($CA$90:$CA$215,$B$37) -> 7604.25
A50: 4 | B50: =INDEX($AH$90:$AH$215,$B$37) -> 14 | C50: =INDEX($AR$90:$AR$215,$B$37) -> 2684.8333 | D50: =INDEX($BR$90:$BR$215,$B$37) -> 9 | E50: =INDEX($CB$90:$CB$215,$B$37) -> 4077.7143
A51: 5 | B51: =INDEX($AI$90:$AI$215,$B$37) -> 12 | C51: =INDEX($AS$90:$AS$215,$B$37) -> 3307.5294 | D51: =INDEX($BS$90:$BS$215,$B$37) -> 10 | E51: =INDEX($CC$90:$CC$215,$B$37) -> 4206.6667
A52: 6 | B52: =INDEX($AJ$90:$AJ$215,$B$37) -> 14 | C52: =INDEX($AT$90:$AT$215,$B$37) -> 3280.125 | D52: =INDEX($BT$90:$BT$215,$B$37) -> 12 | E52: =INDEX($CD$90:$CD$215,$B$37) -> 7763.8333
A53: 7 | B53: =INDEX($AK$90:$AK$215,$B$37) -> 12 | C53: =INDEX($AU$90:$AU$215,$B$37) -> 4402.375 | D53: =INDEX($BU$90:$BU$215,$B$37) -> 14 | E53: =INDEX($CE$90:$CE$215,$B$37) -> 8476.5
A54: 8 | B54: =INDEX($AL$90:$AL$215,$B$37) -> 14 | C54: =INDEX($AV$90:$AV$215,$B$37) -> 4702.25 | D54: =INDEX($BV$90:$BV$215,$B$37) -> 12 | E54: =INDEX($CF$90:$CF$215,$B$37) -> 7488.8889
A55: 9 | B55: =INDEX($AM$90:$AM$215,$B$37) -> 12 | C55: =INDEX($AW$90:$AW$215,$B$37) -> 5025.5556 | D55: =INDEX($BW$90:$BW$215,$B$37) -> 10 | E55: =INDEX($CG$90:$CG$215,$B$37) -> 8392
A56: 10 | B56: =INDEX($AN$90:$AN$215,$B$37) -> 14 | C56: =INDEX($AX$90:$AX$215,$B$37) -> 3305.8571 | D56: =INDEX($BX$90:$BX$215,$B$37) -> 10 | E56: =INDEX($CH$90:$CH$215,$B$37) -> 8517.8333
A57: Forest prediction = average of the 10 trees | C57: =AVERAGE(C47:C56) -> 3765.4914 | E57: =AVERAGE(E47:E56) -> 6854.5937
A58: Check: equals the data-table value | C58: =C57-INDEX($AY$90:$AY$215,$B$37) -> 0 | E58: =E57-INDEX($CI$90:$CI$215,$B$37) -> 0
A59: Residual = Actual − prediction | C59: =B44-C57 -> 3553.5086 | E59: =B44-E57 -> 464.40635
A60: Leaf node numbers refer to the split / leaf-value tables at the bottom of the sheet (node 0 = root).
U87: MODEL A: bootstrap counts (fitted, yellow) | leaf node reached | leaf value | forest prediction and errors | BE87: MODEL B: bootstrap counts (fitted, yellow) | leaf node reached | leaf value | forest prediction and errors
F88: road name used for one-hot → | G88: =DATASETS!A6 -> PRES. QUIRINO AVE. | H88: =DATASETS!A16 -> C.P. GARCIA /KATIPUNAN AVE. / TANDANG SORA | I88: =DATASETS!A26 -> ROXAS BLVD. | J88: =DATASETS!A36 -> TAFT AVE. | K88: =DATASETS!A46 -> SSH | L88: =DATASETS!A56 -> ORTIGAS AVE. | M88: =DATASETS!A66 -> R-6 MAGSAYSAY / AURORA BLVD. | N88: =DATASETS!A76 -> QUEZON AVE. | O88: =DATASETS!A86 -> COMMONWEALTH AVE. | P88: =DATASETS!A96 -> RIZAL AVE. | Q88: =DATASETS!A106 -> DEL PAN | R88: =DATASETS!A116 -> MARCOS HIGHWAY | S88: =DATASETS!A126 -> MCARTHUR HIGHWAY
A89: Road | B89: Dataset | C89: AADT | D89: Year | E89: Prev | F89: LaneKm | G89: 1 if road = PRES. QUIRINO AVE. | H89: 1 if road = C.P. GARCIA /KATIPUNAN AVE. / TANDANG SORA | I89: 1 if road = ROXAS BLVD. | J89: 1 if road = TAFT AVE. | K89: 1 if road = SSH | L89: 1 if road = ORTIGAS AVE. | M89: 1 if road = R-6 MAGSAYSAY / AURORA BLVD. | N89: 1 if road = QUEZON AVE. | O89: 1 if road = COMMONWEALTH AVE. | P89: 1 if road = RIZAL AVE. | Q89: 1 if road = DEL PAN | R89: 1 if road = MARCOS HIGHWAY | S89: 1 if road = MCARTHUR HIGHWAY | T89: Y Actual crashes | U89: A count T1 | V89: A count T2 | W89: A count T3 | X89: A count T4 | Y89: A count T5 | Z89: A count T6 | AA89: A count T7 | AB89: A count T8 | AC89: A count T9 | AD89: A count T10 | AE89: A leaf T1 | AF89: A leaf T2 | AG89: A leaf T3 | AH89: A leaf T4 | AI89: A leaf T5 | AJ89: A leaf T6 | AK89: A leaf T7 | AL89: A leaf T8 | AM89: A leaf T9 | AN89: A leaf T10 | AO89: A tree 1 pred | AP89: A tree 2 pred | AQ89: A tree 3 pred | AR89: A tree 4 pred | AS89: A tree 5 pred | AT89: A tree 6 pred | AU89: A tree 7 pred | AV89: A tree 8 pred | AW89: A tree 9 pred | AX89: A tree 10 pred | AY89: A: Final RF prediction (mean of 10 trees) | AZ89: A: Residual (y − ŷ) | BA89: A: |Residual| | BB89: A: Residual² | BC89: A: (y − Ȳ)² | BE89: B count T1 | BF89: B count T2 | BG89: B count T3 | BH89: B count T4 | BI89: B count T5 | BJ89: B count T6 | BK89: B count T7 | BL89: B count T8 | BM89: B count T9 | BN89: B count T10 | BO89: B leaf T1 | BP89: B leaf T2 | BQ89: B leaf T3 | BR89: B leaf T4 | BS89: B leaf T5 | BT89: B leaf T6 | BU89: B leaf T7 | BV89: B leaf T8 | BW89: B leaf T9 | BX89: B leaf T10 | BY89: B tree 1 pred | BZ89: B tree 2 pred | CA89: B tree 3 pred | CB89: B tree 4 pred | CC89: B tree 5 pred | CD89: B tree 6 pred | CE89: B tree 7 pred | CF89: B tree 8 pred | CG89: B tree 9 pred | CH89: B tree 10 pred | CI89: B: Final RF prediction (mean of 10 trees) | CJ89: B: Residual (y − ŷ) | CK89: B: |Residual| | CL89: B: Residual² | CM89: B: (y − Ȳ)²
A90: =DATASETS!A6 -> PRES. QUIRINO AVE. | B90: =DATASETS!E6 -> Training | C90: =DATASETS!C6 -> 117482 | D90: =DATASETS!B6 -> 2016 | E90: =DATASETS!I6 -> 887 | F90: =DATASETS!H6 -> 28.8 | G90: =IF($A90=G$88,1,0) -> 1 | H90: =IF($A90=H$88,1,0) -> 0 | I90: =IF($A90=I$88,1,0) -> 0 | J90: =IF($A90=J$88,1,0) -> 0 | K90: =IF($A90=K$88,1,0) -> 0 | L90: =IF($A90=L$88,1,0) -> 0 | M90: =IF($A90=M$88,1,0) -> 0 | N90: =IF($A90=N$88,1,0) -> 0 | ... S90: =IF($A90=S$88,1,0) -> 0 | T90: =DATASETS!D6 -> 1005 | U90: 2 | V90: 1 | W90: 0 | X90: 2 | Y90: 3 | Z90: 1 | AA90: 2 | AB90: 1 | AC90: 0 | AD90: 0 | AE90: =IF($C90<=$C$222,IF($C90<=$E$222,IF($C90<=$G$222,3,4),IF($C90<=$M$222,6,7)),IF($C90<=$S$222,9,IF($C90<=$W$222,11,12))) -> 4 | AF90: =IF($C90<=$C$223,IF($C90<=$E$223,IF($C90<=$G$223,3,4),IF($C90<=$M$223,6,7)),IF($C90<=$S$223,IF($C90<=$U$223,10,11),IF($C90<=$AA$223,13,14))) -> 3 | AG90: =IF($C90<=$C$224,IF($C90<=$E$224,IF($C90<=$G$224,3,4),IF($C90<=$M$224,6,7)),IF($C90<=$S$224,IF($C90<=$U$224,10,11),IF($C90<=$AA$224,13,14))) -> 4 | AH90: =IF($C90<=$C$225,IF($C90<=$E$225,IF($C90<=$G$225,3,4),IF($C90<=$M$225,6,7)),IF($C90<=$S$225,IF($C90<=$U$225,10,11),IF($C90<=$AA$225,13,14))) -> 4 | AI90: =IF($C90<=$C$226,IF($C90<=$E$226,IF($C90<=$G$226,3,4),IF($C90<=$M$226,6,7)),IF($C90<=$S$226,9,IF($C90<=$W$226,11,12))) -> 4 | AJ90: =IF($C90<=$C$227,IF($C90<=$E$227,IF($C90<=$G$227,3,4),IF($C90<=$M$227,6,7)),IF($C90<=$S$227,IF($C90<=$U$227,10,11),IF($C90<=$AA$227,13,14))) -> 4 | AK90: =IF($C90<=$C$228,IF($C90<=$E$228,IF($C90<=$G$228,3,4),IF($C90<=$M$228,6,7)),IF($C90<=$S$228,9,IF($C90<=$W$228,11,12))) -> 4 | AL90: =IF($C90<=$C$229,IF($C90<=$E$229,IF($C90<=$G$229,3,4),IF($C90<=$M$229,6,7)),IF($C90<=$S$229,IF($C90<=$U$229,10,11),IF($C90<=$AA$229,13,14))) -> 4 | AM90: =IF($C90<=$C$230,IF($C90<=$E$230,IF($C90<=$G$230,3,4),IF($C90<=$M$230,6,7)),IF($C90<=$S$230,9,IF($C90<=$W$230,11,12))) -> 4 | AN90: =IF($C90<=$C$231,IF($C90<=$E$231,IF($C90<=$G$231,3,4),IF($C90<=$M$231,6,7)),IF($C90<=$S$231,IF($C90<=$U$231,10,11),IF($C90<=$AA$231,13,14))) -> 4 | AO90: =INDEX($B$235:$P$235,1,AE90+1) -> 920.9375 | AP90: =INDEX($B$236:$P$236,1,AF90+1) -> 879.5 | AQ90: =INDEX($B$237:$P$237,1,AG90+1) -> 800.71795 | AR90: =INDEX($B$238:$P$238,1,AH90+1) -> 1087.8889 | AS90: =INDEX($B$239:$P$239,1,AI90+1) -> 938.71429 | AT90: =INDEX($B$240:$P$240,1,AJ90+1) -> 516.90476 | AU90: =INDEX($B$241:$P$241,1,AK90+1) -> 763.24242 | AV90: =INDEX($B$242:$P$242,1,AL90+1) -> 986.22581 | AW90: =INDEX($B$243:$P$243,1,AM90+1) -> 838.3125 | AX90: =INDEX($B$244:$P$244,1,AN90+1) -> 556.0625 | AY90: =AVERAGE(AO90:AX90) -> 828.85066 | AZ90: =$T90-AY90 -> 176.14934 | BA90: =ABS(AZ90) -> 176.14934 | BB90: =AZ90^2 -> 31028.589 | BC90: =($T90-AVERAGE($T$90:$T$206))^2 -> 766313.19 | BE90: 2 | BF90: 1 | BG90: 0 | BH90: 2 | BI90: 3 | BJ90: 1 | BK90: 2 | BL90: 1 | BM90: 0 | BN90: 0 | BO90: =IF($E90<=$C$250,IF($E90<=$E$250,IF($E90<=$G$250,3,4),IF($C90<=$M$250,6,7)),IF($C90<=$S$250,9,IF($D90<=$W$250,11,12))) -> 4 | BP90: =IF($E90<=$C$251,IF($E90<=$E$251,IF($E90<=$G$251,3,4),IF($D90<=$M$251,6,7)),IF($E90<=$S$251,IF($E90<=$U$251,10,11),IF($C90<=$AA$251,13,14))) -> 4 | BQ90: =IF($E90<=$C$252,IF($E90<=$E$252,IF($E90<=$G$252,3,4),IF($C90<=$M$252,6,7)),IF($E90<=$S$252,9,IF($C90<=$W$252,11,12))) -> 4 | BR90: =IF($E90<=$C$253,IF($E90<=$E$253,IF($E90<=$G$253,3,4),IF($C90<=$M$253,6,7)),IF($H90<=$S$253,9,10)) -> 4 | BS90: =IF($E90<=$C$254,IF($E90<=$E$254,IF($E90<=$G$254,3,4),IF($E90<=$M$254,6,7)),IF($C90<=$S$254,9,10)) -> 4 | BT90: =IF($E90<=$C$255,IF($E90<=$E$255,IF($E90<=$G$255,3,4),IF($E90<=$M$255,6,7)),IF($E90<=$S$255,IF($E90<=$U$255,10,11),12)) -> 4 | BU90: =IF($E90<=$C$256,IF($E90<=$E$256,IF($M90<=$G$256,3,4),IF($C90<=$M$256,6,7)),IF($E90<=$S$256,IF($E90<=$U$256,10,11),IF($C90<=$AA$256,13,14))) -> 3 | BV90: =IF($E90<=$C$257,IF($E90<=$E$257,IF($E90<=$G$257,3,4),IF($D90<=$M$257,6,7)),IF($E90<=$S$257,IF($E90<=$U$257,10,11),12)) -> 4 | BW90: =IF($E90<=$C$258,IF($E90<=$E$258,IF($E90<=$G$258,3,4),IF($C90<=$M$258,6,7)),IF($E90<=$S$258,9,10)) -> 4 | BX90: =IF($E90<=$C$259,IF($E90<=$E$259,IF($E90<=$G$259,3,4),IF($E90<=$M$259,6,7)),IF($C90<=$S$259,9,10)) -> 4 | BY90: =INDEX($B$263:$P$263,1,BO90+1) -> 1064.1818 | BZ90: =INDEX($B$264:$P$264,1,BP90+1) -> 1019.8182 | CA90: =INDEX($B$265:$P$265,1,BQ90+1) -> 1010.6552 | CB90: =INDEX($B$266:$P$266,1,BR90+1) -> 1067.3953 | CC90: =INDEX($B$267:$P$267,1,BS90+1) -> 1186.5882 | CD90: =INDEX($B$268:$P$268,1,BT90+1) -> 1025.6087 | CE90: =INDEX($B$269:$P$269,1,BU90+1) -> 737.21875 | CF90: =INDEX($B$270:$P$270,1,BV90+1) -> 1130.5 | CG90: =INDEX($B$271:$P$271,1,BW90+1) -> 1060.5135 | CH90: =INDEX($B$272:$P$272,1,BX90+1) -> 1071.4091 | CI90: =AVERAGE(BY90:CH90) -> 1037.3889 | CJ90: =$T90-CI90 -> -32.388881 | CK90: =ABS(CJ90) -> 32.388881 | CL90: =CJ90^2 -> 1049.0396 | CM90: =($T90-AVERAGE($T$90:$T$206))^2 -> 766313.19
A91: =DATASETS!A7 -> PRES. QUIRINO AVE. | B91: =DATASETS!E7 -> Training | C91: =DATASETS!C7 -> 105118 | D91: =DATASETS!B7 -> 2017 | E91: =DATASETS!I7 -> 1005 | F91: =DATASETS!H7 -> 28.8 | G91: =IF($A91=G$88,1,0) -> 1 | H91: =IF($A91=H$88,1,0) -> 0 | I91: =IF($A91=I$88,1,0) -> 0 | J91: =IF($A91=J$88,1,0) -> 0 | K91: =IF($A91=K$88,1,0) -> 0 | L91: =IF($A91=L$88,1,0) -> 0 | M91: =IF($A91=M$88,1,0) -> 0 | N91: =IF($A91=N$88,1,0) -> 0 | ... S91: =IF($A91=S$88,1,0) -> 0 | T91: =DATASETS!D7 -> 868 | U91: 1 | V91: 0 | W91: 0 | X91: 1 | Y91: 1 | Z91: 1 | AA91: 3 | AB91: 1 | AC91: 2 | AD91: 0 | AE91: =IF($C91<=$C$222,IF($C91<=$E$222,IF($C91<=$G$222,3,4),IF($C91<=$M$222,6,7)),IF($C91<=$S$222,9,IF($C91<=$W$222,11,12))) -> 4 | AF91: =IF($C91<=$C$223,IF($C91<=$E$223,IF($C91<=$G$223,3,4),IF($C91<=$M$223,6,7)),IF($C91<=$S$223,IF($C91<=$U$223,10,11),IF($C91<=$AA$223,13,14))) -> 3 | AG91: =IF($C91<=$C$224,IF($C91<=$E$224,IF($C91<=$G$224,3,4),IF($C91<=$M$224,6,7)),IF($C91<=$S$224,IF($C91<=$U$224,10,11),IF($C91<=$AA$224,13,14))) -> 4 | AH91: =IF($C91<=$C$225,IF($C91<=$E$225,IF($C91<=$G$225,3,4),IF($C91<=$M$225,6,7)),IF($C91<=$S$225,IF($C91<=$U$225,10,11),IF($C91<=$AA$225,13,14))) -> 3 | AI91: =IF($C91<=$C$226,IF($C91<=$E$226,IF($C91<=$G$226,3,4),IF($C91<=$M$226,6,7)),IF($C91<=$S$226,9,IF($C91<=$W$226,11,12))) -> 4 | AJ91: =IF($C91<=$C$227,IF($C91<=$E$227,IF($C91<=$G$227,3,4),IF($C91<=$M$227,6,7)),IF($C91<=$S$227,IF($C91<=$U$227,10,11),IF($C91<=$AA$227,13,14))) -> 3 | AK91: =IF($C91<=$C$228,IF($C91<=$E$228,IF($C91<=$G$228,3,4),IF($C91<=$M$228,6,7)),IF($C91<=$S$228,9,IF($C91<=$W$228,11,12))) -> 4 | AL91: =IF($C91<=$C$229,IF($C91<=$E$229,IF($C91<=$G$229,3,4),IF($C91<=$M$229,6,7)),IF($C91<=$S$229,IF($C91<=$U$229,10,11),IF($C91<=$AA$229,13,14))) -> 4 | AM91: =IF($C91<=$C$230,IF($C91<=$E$230,IF($C91<=$G$230,3,4),IF($C91<=$M$230,6,7)),IF($C91<=$S$230,9,IF($C91<=$W$230,11,12))) -> 4 | AN91: =IF($C91<=$C$231,IF($C91<=$E$231,IF($C91<=$G$231,3,4),IF($C91<=$M$231,6,7)),IF($C91<=$S$231,IF($C91<=$U$231,10,11),IF($C91<=$AA$231,13,14))) -> 3 | AO91: =INDEX($B$235:$P$235,1,AE91+1) -> 920.9375 | AP91: =INDEX($B$236:$P$236,1,AF91+1) -> 879.5 | AQ91: =INDEX($B$237:$P$237,1,AG91+1) -> 800.71795 | AR91: =INDEX($B$238:$P$238,1,AH91+1) -> 668.6 | AS91: =INDEX($B$239:$P$239,1,AI91+1) -> 938.71429 | AT91: =INDEX($B$240:$P$240,1,AJ91+1) -> 730.06452 | AU91: =INDEX($B$241:$P$241,1,AK91+1) -> 763.24242 | AV91: =INDEX($B$242:$P$242,1,AL91+1) -> 986.22581 | AW91: =INDEX($B$243:$P$243,1,AM91+1) -> 838.3125 | AX91: =INDEX($B$244:$P$244,1,AN91+1) -> 889.97222 | AY91: =AVERAGE(AO91:AX91) -> 841.62872 | AZ91: =$T91-AY91 -> 26.37128 | BA91: =ABS(AZ91) -> 26.37128 | BB91: =AZ91^2 -> 695.44439 | BC91: =($T91-AVERAGE($T$90:$T$206))^2 -> 1024939.9 | BE91: 1 | BF91: 0 | BG91: 0 | BH91: 1 | BI91: 1 | BJ91: 1 | BK91: 3 | BL91: 1 | BM91: 2 | BN91: 0 | BO91: =IF($E91<=$C$250,IF($E91<=$E$250,IF($E91<=$G$250,3,4),IF($C91<=$M$250,6,7)),IF($C91<=$S$250,9,IF($D91<=$W$250,11,12))) -> 4 | BP91: =IF($E91<=$C$251,IF($E91<=$E$251,IF($E91<=$G$251,3,4),IF($D91<=$M$251,6,7)),IF($E91<=$S$251,IF($E91<=$U$251,10,11),IF($C91<=$AA$251,13,14))) -> 4 | BQ91: =IF($E91<=$C$252,IF($E91<=$E$252,IF($E91<=$G$252,3,4),IF($C91<=$M$252,6,7)),IF($E91<=$S$252,9,IF($C91<=$W$252,11,12))) -> 4 | BR91: =IF($E91<=$C$253,IF($E91<=$E$253,IF($E91<=$G$253,3,4),IF($C91<=$M$253,6,7)),IF($H91<=$S$253,9,10)) -> 4 | BS91: =IF($E91<=$C$254,IF($E91<=$E$254,IF($E91<=$G$254,3,4),IF($E91<=$M$254,6,7)),IF($C91<=$S$254,9,10)) -> 4 | BT91: =IF($E91<=$C$255,IF($E91<=$E$255,IF($E91<=$G$255,3,4),IF($E91<=$M$255,6,7)),IF($E91<=$S$255,IF($E91<=$U$255,10,11),12)) -> 4 | BU91: =IF($E91<=$C$256,IF($E91<=$E$256,IF($M91<=$G$256,3,4),IF($C91<=$M$256,6,7)),IF($E91<=$S$256,IF($E91<=$U$256,10,11),IF($C91<=$AA$256,13,14))) -> 3 | BV91: =IF($E91<=$C$257,IF($E91<=$E$257,IF($E91<=$G$257,3,4),IF($D91<=$M$257,6,7)),IF($E91<=$S$257,IF($E91<=$U$257,10,11),12)) -> 4 | BW91: =IF($E91<=$C$258,IF($E91<=$E$258,IF($E91<=$G$258,3,4),IF($C91<=$M$258,6,7)),IF($E91<=$S$258,9,10)) -> 4 | BX91: =IF($E91<=$C$259,IF($E91<=$E$259,IF($E91<=$G$259,3,4),IF($E91<=$M$259,6,7)),IF($C91<=$S$259,9,10)) -> 4 | BY91: =INDEX($B$263:$P$263,1,BO91+1) -> 1064.1818 | BZ91: =INDEX($B$264:$P$264,1,BP91+1) -> 1019.8182 | CA91: =INDEX($B$265:$P$265,1,BQ91+1) -> 1010.6552 | CB91: =INDEX($B$266:$P$266,1,BR91+1) -> 1067.3953 | CC91: =INDEX($B$267:$P$267,1,BS91+1) -> 1186.5882 | CD91: =INDEX($B$268:$P$268,1,BT91+1) -> 1025.6087 | CE91: =INDEX($B$269:$P$269,1,BU91+1) -> 737.21875 | CF91: =INDEX($B$270:$P$270,1,BV91+1) -> 1130.5 | CG91: =INDEX($B$271:$P$271,1,BW91+1) -> 1060.5135 | CH91: =INDEX($B$272:$P$272,1,BX91+1) -> 1071.4091 | CI91: =AVERAGE(BY91:CH91) -> 1037.3889 | CJ91: =$T91-CI91 -> -169.38888 | CK91: =ABS(CJ91) -> 169.38888 | CL91: =CJ91^2 -> 28692.593 | CM91: =($T91-AVERAGE($T$90:$T$206))^2 -> 1024939.9
A92: =DATASETS!A8 -> PRES. QUIRINO AVE. | B92: =DATASETS!E8 -> Training | C92: =DATASETS!C8 -> 108592 | D92: =DATASETS!B8 -> 2018 | E92: =DATASETS!I8 -> 868 | F92: =DATASETS!H8 -> 28.8 | G92: =IF($A92=G$88,1,0) -> 1 | H92: =IF($A92=H$88,1,0) -> 0 | I92: =IF($A92=I$88,1,0) -> 0 | J92: =IF($A92=J$88,1,0) -> 0 | K92: =IF($A92=K$88,1,0) -> 0 | L92: =IF($A92=L$88,1,0) -> 0 | M92: =IF($A92=M$88,1,0) -> 0 | N92: =IF($A92=N$88,1,0) -> 0 | ... S92: =IF($A92=S$88,1,0) -> 0 | T92: =DATASETS!D8 -> 953 | U92: 1 | V92: 2 | W92: 2 | X92: 1 | Y92: 2 | Z92: 1 | AA92: 3 | AB92: 1 | AC92: 0 | AD92: 1 | AE92: =IF($C92<=$C$222,IF($C92<=$E$222,IF($C92<=$G$222,3,4),IF($C92<=$M$222,6,7)),IF($C92<=$S$222,9,IF($C92<=$W$222,11,12))) -> 4 | AF92: =IF($C92<=$C$223,IF($C92<=$E$223,IF($C92<=$G$223,3,4),IF($C92<=$M$223,6,7)),IF($C92<=$S$223,IF($C92<=$U$223,10,11),IF($C92<=$AA$223,13,14))) -> 3 | AG92: =IF($C92<=$C$224,IF($C92<=$E$224,IF($C92<=$G$224,3,4),IF($C92<=$M$224,6,7)),IF($C92<=$S$224,IF($C92<=$U$224,10,11),IF($C92<=$AA$224,13,14))) -> 4 | AH92: =IF($C92<=$C$225,IF($C92<=$E$225,IF($C92<=$G$225,3,4),IF($C92<=$M$225,6,7)),IF($C92<=$S$225,IF($C92<=$U$225,10,11),IF($C92<=$AA$225,13,14))) -> 3 | AI92: =IF($C92<=$C$226,IF($C92<=$E$226,IF($C92<=$G$226,3,4),IF($C92<=$M$226,6,7)),IF($C92<=$S$226,9,IF($C92<=$W$226,11,12))) -> 4 | AJ92: =IF($C92<=$C$227,IF($C92<=$E$227,IF($C92<=$G$227,3,4),IF($C92<=$M$227,6,7)),IF($C92<=$S$227,IF($C92<=$U$227,10,11),IF($C92<=$AA$227,13,14))) -> 4 | AK92: =IF($C92<=$C$228,IF($C92<=$E$228,IF($C92<=$G$228,3,4),IF($C92<=$M$228,6,7)),IF($C92<=$S$228,9,IF($C92<=$W$228,11,12))) -> 4 | AL92: =IF($C92<=$C$229,IF($C92<=$E$229,IF($C92<=$G$229,3,4),IF($C92<=$M$229,6,7)),IF($C92<=$S$229,IF($C92<=$U$229,10,11),IF($C92<=$AA$229,13,14))) -> 4 | AM92: =IF($C92<=$C$230,IF($C92<=$E$230,IF($C92<=$G$230,3,4),IF($C92<=$M$230,6,7)),IF($C92<=$S$230,9,IF($C92<=$W$230,11,12))) -> 4 | AN92: =IF($C92<=$C$231,IF($C92<=$E$231,IF($C92<=$G$231,3,4),IF($C92<=$M$231,6,7)),IF($C92<=$S$231,IF($C92<=$U$231,10,11),IF($C92<=$AA$231,13,14))) -> 3 | AO92: =INDEX($B$235:$P$235,1,AE92+1) -> 920.9375 | AP92: =INDEX($B$236:$P$236,1,AF92+1) -> 879.5 | AQ92: =INDEX($B$237:$P$237,1,AG92+1) -> 800.71795 | AR92: =INDEX($B$238:$P$238,1,AH92+1) -> 668.6 | AS92: =INDEX($B$239:$P$239,1,AI92+1) -> 938.71429 | AT92: =INDEX($B$240:$P$240,1,AJ92+1) -> 516.90476 | AU92: =INDEX($B$241:$P$241,1,AK92+1) -> 763.24242 | AV92: =INDEX($B$242:$P$242,1,AL92+1) -> 986.22581 | AW92: =INDEX($B$243:$P$243,1,AM92+1) -> 838.3125 | AX92: =INDEX($B$244:$P$244,1,AN92+1) -> 889.97222 | AY92: =AVERAGE(AO92:AX92) -> 820.31274 | AZ92: =$T92-AY92 -> 132.68726 | BA92: =ABS(AZ92) -> 132.68726 | BB92: =AZ92^2 -> 17605.908 | BC92: =($T92-AVERAGE($T$90:$T$206))^2 -> 860058.08 | BE92: 1 | BF92: 2 | BG92: 2 | BH92: 1 | BI92: 2 | BJ92: 1 | BK92: 3 | BL92: 1 | BM92: 0 | BN92: 1 | BO92: =IF($E92<=$C$250,IF($E92<=$E$250,IF($E92<=$G$250,3,4),IF($C92<=$M$250,6,7)),IF($C92<=$S$250,9,IF($D92<=$W$250,11,12))) -> 4 | BP92: =IF($E92<=$C$251,IF($E92<=$E$251,IF($E92<=$G$251,3,4),IF($D92<=$M$251,6,7)),IF($E92<=$S$251,IF($E92<=$U$251,10,11),IF($C92<=$AA$251,13,14))) -> 4 | BQ92: =IF($E92<=$C$252,IF($E92<=$E$252,IF($E92<=$G$252,3,4),IF($C92<=$M$252,6,7)),IF($E92<=$S$252,9,IF($C92<=$W$252,11,12))) -> 4 | BR92: =IF($E92<=$C$253,IF($E92<=$E$253,IF($E92<=$G$253,3,4),IF($C92<=$M$253,6,7)),IF($H92<=$S$253,9,10)) -> 4 | BS92: =IF($E92<=$C$254,IF($E92<=$E$254,IF($E92<=$G$254,3,4),IF($E92<=$M$254,6,7)),IF($C92<=$S$254,9,10)) -> 4 | BT92: =IF($E92<=$C$255,IF($E92<=$E$255,IF($E92<=$G$255,3,4),IF($E92<=$M$255,6,7)),IF($E92<=$S$255,IF($E92<=$U$255,10,11),12)) -> 4 | BU92: =IF($E92<=$C$256,IF($E92<=$E$256,IF($M92<=$G$256,3,4),IF($C92<=$M$256,6,7)),IF($E92<=$S$256,IF($E92<=$U$256,10,11),IF($C92<=$AA$256,13,14))) -> 3 | BV92: =IF($E92<=$C$257,IF($E92<=$E$257,IF($E92<=$G$257,3,4),IF($D92<=$M$257,6,7)),IF($E92<=$S$257,IF($E92<=$U$257,10,11),12)) -> 4 | BW92: =IF($E92<=$C$258,IF($E92<=$E$258,IF($E92<=$G$258,3,4),IF($C92<=$M$258,6,7)),IF($E92<=$S$258,9,10)) -> 4 | BX92: =IF($E92<=$C$259,IF($E92<=$E$259,IF($E92<=$G$259,3,4),IF($E92<=$M$259,6,7)),IF($C92<=$S$259,9,10)) -> 4 | BY92: =INDEX($B$263:$P$263,1,BO92+1) -> 1064.1818 | BZ92: =INDEX($B$264:$P$264,1,BP92+1) -> 1019.8182 | CA92: =INDEX($B$265:$P$265,1,BQ92+1) -> 1010.6552 | CB92: =INDEX($B$266:$P$266,1,BR92+1) -> 1067.3953 | CC92: =INDEX($B$267:$P$267,1,BS92+1) -> 1186.5882 | CD92: =INDEX($B$268:$P$268,1,BT92+1) -> 1025.6087 | CE92: =INDEX($B$269:$P$269,1,BU92+1) -> 737.21875 | CF92: =INDEX($B$270:$P$270,1,BV92+1) -> 1130.5 | CG92: =INDEX($B$271:$P$271,1,BW92+1) -> 1060.5135 | CH92: =INDEX($B$272:$P$272,1,BX92+1) -> 1071.4091 | CI92: =AVERAGE(BY92:CH92) -> 1037.3889 | CJ92: =$T92-CI92 -> -84.388881 | CK92: =ABS(CJ92) -> 84.388881 | CL92: =CJ92^2 -> 7121.4832 | CM92: =($T92-AVERAGE($T$90:$T$206))^2 -> 860058.08
A93: =DATASETS!A9 -> PRES. QUIRINO AVE. | B93: =DATASETS!E9 -> Training | C93: =DATASETS!C9 -> 116767 | D93: =DATASETS!B9 -> 2019 | E93: =DATASETS!I9 -> 953 | F93: =DATASETS!H9 -> 28.8 | G93: =IF($A93=G$88,1,0) -> 1 | H93: =IF($A93=H$88,1,0) -> 0 | I93: =IF($A93=I$88,1,0) -> 0 | J93: =IF($A93=J$88,1,0) -> 0 | K93: =IF($A93=K$88,1,0) -> 0 | L93: =IF($A93=L$88,1,0) -> 0 | M93: =IF($A93=M$88,1,0) -> 0 | N93: =IF($A93=N$88,1,0) -> 0 | ... S93: =IF($A93=S$88,1,0) -> 0 | T93: =DATASETS!D9 -> 1127 | U93: 1 | V93: 3 | W93: 1 | X93: 3 | Y93: 1 | Z93: 0 | AA93: 0 | AB93: 1 | AC93: 3 | AD93: 1 | AE93: =IF($C93<=$C$222,IF($C93<=$E$222,IF($C93<=$G$222,3,4),IF($C93<=$M$222,6,7)),IF($C93<=$S$222,9,IF($C93<=$W$222,11,12))) -> 4 | AF93: =IF($C93<=$C$223,IF($C93<=$E$223,IF($C93<=$G$223,3,4),IF($C93<=$M$223,6,7)),IF($C93<=$S$223,IF($C93<=$U$223,10,11),IF($C93<=$AA$223,13,14))) -> 3 | AG93: =IF($C93<=$C$224,IF($C93<=$E$224,IF($C93<=$G$224,3,4),IF($C93<=$M$224,6,7)),IF($C93<=$S$224,IF($C93<=$U$224,10,11),IF($C93<=$AA$224,13,14))) -> 4 | AH93: =IF($C93<=$C$225,IF($C93<=$E$225,IF($C93<=$G$225,3,4),IF($C93<=$M$225,6,7)),IF($C93<=$S$225,IF($C93<=$U$225,10,11),IF($C93<=$AA$225,13,14))) -> 4 | AI93: =IF($C93<=$C$226,IF($C93<=$E$226,IF($C93<=$G$226,3,4),IF($C93<=$M$226,6,7)),IF($C93<=$S$226,9,IF($C93<=$W$226,11,12))) -> 4 | AJ93: =IF($C93<=$C$227,IF($C93<=$E$227,IF($C93<=$G$227,3,4),IF($C93<=$M$227,6,7)),IF($C93<=$S$227,IF($C93<=$U$227,10,11),IF($C93<=$AA$227,13,14))) -> 4 | AK93: =IF($C93<=$C$228,IF($C93<=$E$228,IF($C93<=$G$228,3,4),IF($C93<=$M$228,6,7)),IF($C93<=$S$228,9,IF($C93<=$W$228,11,12))) -> 4 | AL93: =IF($C93<=$C$229,IF($C93<=$E$229,IF($C93<=$G$229,3,4),IF($C93<=$M$229,6,7)),IF($C93<=$S$229,IF($C93<=$U$229,10,11),IF($C93<=$AA$229,13,14))) -> 4 | AM93: =IF($C93<=$C$230,IF($C93<=$E$230,IF($C93<=$G$230,3,4),IF($C93<=$M$230,6,7)),IF($C93<=$S$230,9,IF($C93<=$W$230,11,12))) -> 4 | AN93: =IF($C93<=$C$231,IF($C93<=$E$231,IF($C93<=$G$231,3,4),IF($C93<=$M$231,6,7)),IF($C93<=$S$231,IF($C93<=$U$231,10,11),IF($C93<=$AA$231,13,14))) -> 4 | AO93: =INDEX($B$235:$P$235,1,AE93+1) -> 920.9375 | AP93: =INDEX($B$236:$P$236,1,AF93+1) -> 879.5 | AQ93: =INDEX($B$237:$P$237,1,AG93+1) -> 800.71795 | AR93: =INDEX($B$238:$P$238,1,AH93+1) -> 1087.8889 | AS93: =INDEX($B$239:$P$239,1,AI93+1) -> 938.71429 | AT93: =INDEX($B$240:$P$240,1,AJ93+1) -> 516.90476 | AU93: =INDEX($B$241:$P$241,1,AK93+1) -> 763.24242 | AV93: =INDEX($B$242:$P$242,1,AL93+1) -> 986.22581 | AW93: =INDEX($B$243:$P$243,1,AM93+1) -> 838.3125 | AX93: =INDEX($B$244:$P$244,1,AN93+1) -> 556.0625 | AY93: =AVERAGE(AO93:AX93) -> 828.85066 | AZ93: =$T93-AY93 -> 298.14934 | BA93: =ABS(AZ93) -> 298.14934 | BB93: =AZ93^2 -> 88893.028 | BC93: =($T93-AVERAGE($T$90:$T$206))^2 -> 567601.26 | BE93: 1 | BF93: 3 | BG93: 1 | BH93: 3 | BI93: 1 | BJ93: 0 | BK93: 0 | BL93: 1 | BM93: 3 | BN93: 1 | BO93: =IF($E93<=$C$250,IF($E93<=$E$250,IF($E93<=$G$250,3,4),IF($C93<=$M$250,6,7)),IF($C93<=$S$250,9,IF($D93<=$W$250,11,12))) -> 4 | BP93: =IF($E93<=$C$251,IF($E93<=$E$251,IF($E93<=$G$251,3,4),IF($D93<=$M$251,6,7)),IF($E93<=$S$251,IF($E93<=$U$251,10,11),IF($C93<=$AA$251,13,14))) -> 4 | BQ93: =IF($E93<=$C$252,IF($E93<=$E$252,IF($E93<=$G$252,3,4),IF($C93<=$M$252,6,7)),IF($E93<=$S$252,9,IF($C93<=$W$252,11,12))) -> 4 | BR93: =IF($E93<=$C$253,IF($E93<=$E$253,IF($E93<=$G$253,3,4),IF($C93<=$M$253,6,7)),IF($H93<=$S$253,9,10)) -> 4 | BS93: =IF($E93<=$C$254,IF($E93<=$E$254,IF($E93<=$G$254,3,4),IF($E93<=$M$254,6,7)),IF($C93<=$S$254,9,10)) -> 4 | BT93: =IF($E93<=$C$255,IF($E93<=$E$255,IF($E93<=$G$255,3,4),IF($E93<=$M$255,6,7)),IF($E93<=$S$255,IF($E93<=$U$255,10,11),12)) -> 4 | BU93: =IF($E93<=$C$256,IF($E93<=$E$256,IF($M93<=$G$256,3,4),IF($C93<=$M$256,6,7)),IF($E93<=$S$256,IF($E93<=$U$256,10,11),IF($C93<=$AA$256,13,14))) -> 3 | BV93: =IF($E93<=$C$257,IF($E93<=$E$257,IF($E93<=$G$257,3,4),IF($D93<=$M$257,6,7)),IF($E93<=$S$257,IF($E93<=$U$257,10,11),12)) -> 4 | BW93: =IF($E93<=$C$258,IF($E93<=$E$258,IF($E93<=$G$258,3,4),IF($C93<=$M$258,6,7)),IF($E93<=$S$258,9,10)) -> 4 | BX93: =IF($E93<=$C$259,IF($E93<=$E$259,IF($E93<=$G$259,3,4),IF($E93<=$M$259,6,7)),IF($C93<=$S$259,9,10)) -> 4 | BY93: =INDEX($B$263:$P$263,1,BO93+1) -> 1064.1818 | BZ93: =INDEX($B$264:$P$264,1,BP93+1) -> 1019.8182 | CA93: =INDEX($B$265:$P$265,1,BQ93+1) -> 1010.6552 | CB93: =INDEX($B$266:$P$266,1,BR93+1) -> 1067.3953 | CC93: =INDEX($B$267:$P$267,1,BS93+1) -> 1186.5882 | CD93: =INDEX($B$268:$P$268,1,BT93+1) -> 1025.6087 | CE93: =INDEX($B$269:$P$269,1,BU93+1) -> 737.21875 | CF93: =INDEX($B$270:$P$270,1,BV93+1) -> 1130.5 | CG93: =INDEX($B$271:$P$271,1,BW93+1) -> 1060.5135 | CH93: =INDEX($B$272:$P$272,1,BX93+1) -> 1071.4091 | CI93: =AVERAGE(BY93:CH93) -> 1037.3889 | CJ93: =$T93-CI93 -> 89.611119 | CK93: =ABS(CJ93) -> 89.611119 | CL93: =CJ93^2 -> 8030.1527 | CM93: =($T93-AVERAGE($T$90:$T$206))^2 -> 567601.26
A94: =DATASETS!A10 -> PRES. QUIRINO AVE. | B94: =DATASETS!E10 -> Training | C94: =DATASETS!C10 -> 84967 | D94: =DATASETS!B10 -> 2020 | E94: =DATASETS!I10 -> 1127 | F94: =DATASETS!H10 -> 28.8 | G94: =IF($A94=G$88,1,0) -> 1 | H94: =IF($A94=H$88,1,0) -> 0 | I94: =IF($A94=I$88,1,0) -> 0 | J94: =IF($A94=J$88,1,0) -> 0 | K94: =IF($A94=K$88,1,0) -> 0 | L94: =IF($A94=L$88,1,0) -> 0 | M94: =IF($A94=M$88,1,0) -> 0 | N94: =IF($A94=N$88,1,0) -> 0 | ... S94: =IF($A94=S$88,1,0) -> 0 | T94: =DATASETS!D10 -> 484 | U94: 2 | V94: 0 | W94: 0 | X94: 1 | Y94: 0 | Z94: 1 | AA94: 0 | AB94: 2 | AC94: 1 | AD94: 0 | AE94: =IF($C94<=$C$222,IF($C94<=$E$222,IF($C94<=$G$222,3,4),IF($C94<=$M$222,6,7)),IF($C94<=$S$222,9,IF($C94<=$W$222,11,12))) -> 3 | AF94: =IF($C94<=$C$223,IF($C94<=$E$223,IF($C94<=$G$223,3,4),IF($C94<=$M$223,6,7)),IF($C94<=$S$223,IF($C94<=$U$223,10,11),IF($C94<=$AA$223,13,14))) -> 3 | AG94: =IF($C94<=$C$224,IF($C94<=$E$224,IF($C94<=$G$224,3,4),IF($C94<=$M$224,6,7)),IF($C94<=$S$224,IF($C94<=$U$224,10,11),IF($C94<=$AA$224,13,14))) -> 3 | AH94: =IF($C94<=$C$225,IF($C94<=$E$225,IF($C94<=$G$225,3,4),IF($C94<=$M$225,6,7)),IF($C94<=$S$225,IF($C94<=$U$225,10,11),IF($C94<=$AA$225,13,14))) -> 3 | AI94: =IF($C94<=$C$226,IF($C94<=$E$226,IF($C94<=$G$226,3,4),IF($C94<=$M$226,6,7)),IF($C94<=$S$226,9,IF($C94<=$W$226,11,12))) -> 3 | AJ94: =IF($C94<=$C$227,IF($C94<=$E$227,IF($C94<=$G$227,3,4),IF($C94<=$M$227,6,7)),IF($C94<=$S$227,IF($C94<=$U$227,10,11),IF($C94<=$AA$227,13,14))) -> 3 | AK94: =IF($C94<=$C$228,IF($C94<=$E$228,IF($C94<=$G$228,3,4),IF($C94<=$M$228,6,7)),IF($C94<=$S$228,9,IF($C94<=$W$228,11,12))) -> 4 | AL94: =IF($C94<=$C$229,IF($C94<=$E$229,IF($C94<=$G$229,3,4),IF($C94<=$M$229,6,7)),IF($C94<=$S$229,IF($C94<=$U$229,10,11),IF($C94<=$AA$229,13,14))) -> 3 | AM94: =IF($C94<=$C$230,IF($C94<=$E$230,IF($C94<=$G$230,3,4),IF($C94<=$M$230,6,7)),IF($C94<=$S$230,9,IF($C94<=$W$230,11,12))) -> 4 | AN94: =IF($C94<=$C$231,IF($C94<=$E$231,IF($C94<=$G$231,3,4),IF($C94<=$M$231,6,7)),IF($C94<=$S$231,IF($C94<=$U$231,10,11),IF($C94<=$AA$231,13,14))) -> 3 | AO94: =INDEX($B$235:$P$235,1,AE94+1) -> 600.81818 | AP94: =INDEX($B$236:$P$236,1,AF94+1) -> 879.5 | AQ94: =INDEX($B$237:$P$237,1,AG94+1) -> 558 | AR94: =INDEX($B$238:$P$238,1,AH94+1) -> 668.6 | AS94: =INDEX($B$239:$P$239,1,AI94+1) -> 609.80952 | AT94: =INDEX($B$240:$P$240,1,AJ94+1) -> 730.06452 | AU94: =INDEX($B$241:$P$241,1,AK94+1) -> 763.24242 | AV94: =INDEX($B$242:$P$242,1,AL94+1) -> 703.24 | AW94: =INDEX($B$243:$P$243,1,AM94+1) -> 838.3125 | AX94: =INDEX($B$244:$P$244,1,AN94+1) -> 889.97222 | AY94: =AVERAGE(AO94:AX94) -> 724.15594 | AZ94: =$T94-AY94 -> -240.15594 | BA94: =ABS(AZ94) -> 240.15594 | BB94: =AZ94^2 -> 57674.874 | BC94: =($T94-AVERAGE($T$90:$T$206))^2 -> 1949913.9 | BE94: 2 | BF94: 0 | BG94: 0 | BH94: 1 | BI94: 0 | BJ94: 1 | BK94: 0 | BL94: 2 | BM94: 1 | BN94: 0 | BO94: =IF($E94<=$C$250,IF($E94<=$E$250,IF($E94<=$G$250,3,4),IF($C94<=$M$250,6,7)),IF($C94<=$S$250,9,IF($D94<=$W$250,11,12))) -> 4 | BP94: =IF($E94<=$C$251,IF($E94<=$E$251,IF($E94<=$G$251,3,4),IF($D94<=$M$251,6,7)),IF($E94<=$S$251,IF($E94<=$U$251,10,11),IF($C94<=$AA$251,13,14))) -> 7 | BQ94: =IF($E94<=$C$252,IF($E94<=$E$252,IF($E94<=$G$252,3,4),IF($C94<=$M$252,6,7)),IF($E94<=$S$252,9,IF($C94<=$W$252,11,12))) -> 4 | BR94: =IF($E94<=$C$253,IF($E94<=$E$253,IF($E94<=$G$253,3,4),IF($C94<=$M$253,6,7)),IF($H94<=$S$253,9,10)) -> 4 | BS94: =IF($E94<=$C$254,IF($E94<=$E$254,IF($E94<=$G$254,3,4),IF($E94<=$M$254,6,7)),IF($C94<=$S$254,9,10)) -> 4 | BT94: =IF($E94<=$C$255,IF($E94<=$E$255,IF($E94<=$G$255,3,4),IF($E94<=$M$255,6,7)),IF($E94<=$S$255,IF($E94<=$U$255,10,11),12)) -> 6 | BU94: =IF($E94<=$C$256,IF($E94<=$E$256,IF($M94<=$G$256,3,4),IF($C94<=$M$256,6,7)),IF($E94<=$S$256,IF($E94<=$U$256,10,11),IF($C94<=$AA$256,13,14))) -> 3 | BV94: =IF($E94<=$C$257,IF($E94<=$E$257,IF($E94<=$G$257,3,4),IF($D94<=$M$257,6,7)),IF($E94<=$S$257,IF($E94<=$U$257,10,11),12)) -> 4 | BW94: =IF($E94<=$C$258,IF($E94<=$E$258,IF($E94<=$G$258,3,4),IF($C94<=$M$258,6,7)),IF($E94<=$S$258,9,10)) -> 4 | BX94: =IF($E94<=$C$259,IF($E94<=$E$259,IF($E94<=$G$259,3,4),IF($E94<=$M$259,6,7)),IF($C94<=$S$259,9,10)) -> 4 | BY94: =INDEX($B$263:$P$263,1,BO94+1) -> 1064.1818 | BZ94: =INDEX($B$264:$P$264,1,BP94+1) -> 1290.3333 | CA94: =INDEX($B$265:$P$265,1,BQ94+1) -> 1010.6552 | CB94: =INDEX($B$266:$P$266,1,BR94+1) -> 1067.3953 | CC94: =INDEX($B$267:$P$267,1,BS94+1) -> 1186.5882 | CD94: =INDEX($B$268:$P$268,1,BT94+1) -> 1283.8095 | CE94: =INDEX($B$269:$P$269,1,BU94+1) -> 737.21875 | CF94: =INDEX($B$270:$P$270,1,BV94+1) -> 1130.5 | CG94: =INDEX($B$271:$P$271,1,BW94+1) -> 1060.5135 | CH94: =INDEX($B$272:$P$272,1,BX94+1) -> 1071.4091 | CI94: =AVERAGE(BY94:CH94) -> 1090.2605 | CJ94: =$T94-CI94 -> -606.26048 | CK94: =ABS(CJ94) -> 606.26048 | CL94: =CJ94^2 -> 367551.77 | CM94: =($T94-AVERAGE($T$90:$T$206))^2 -> 1949913.9
A95: =DATASETS!A11 -> PRES. QUIRINO AVE. | B95: =DATASETS!E11 -> Training | C95: =DATASETS!C11 -> 72582 | D95: =DATASETS!B11 -> 2021 | E95: =DATASETS!I11 -> 484 | F95: =DATASETS!H11 -> 28.8 | G95: =IF($A95=G$88,1,0) -> 1 | H95: =IF($A95=H$88,1,0) -> 0 | I95: =IF($A95=I$88,1,0) -> 0 | J95: =IF($A95=J$88,1,0) -> 0 | K95: =IF($A95=K$88,1,0) -> 0 | L95: =IF($A95=L$88,1,0) -> 0 | M95: =IF($A95=M$88,1,0) -> 0 | N95: =IF($A95=N$88,1,0) -> 0 | ... S95: =IF($A95=S$88,1,0) -> 0 | T95: =DATASETS!D11 -> 350 | U95: 0 | V95: 1 | W95: 0 | X95: 1 | Y95: 1 | Z95: 1 | AA95: 3 | AB95: 1 | AC95: 0 | AD95: 0 | AE95: =IF($C95<=$C$222,IF($C95<=$E$222,IF($C95<=$G$222,3,4),IF($C95<=$M$222,6,7)),IF($C95<=$S$222,9,IF($C95<=$W$222,11,12))) -> 3 | AF95: =IF($C95<=$C$223,IF($C95<=$E$223,IF($C95<=$G$223,3,4),IF($C95<=$M$223,6,7)),IF($C95<=$S$223,IF($C95<=$U$223,10,11),IF($C95<=$AA$223,13,14))) -> 3 | AG95: =IF($C95<=$C$224,IF($C95<=$E$224,IF($C95<=$G$224,3,4),IF($C95<=$M$224,6,7)),IF($C95<=$S$224,IF($C95<=$U$224,10,11),IF($C95<=$AA$224,13,14))) -> 3 | AH95: =IF($C95<=$C$225,IF($C95<=$E$225,IF($C95<=$G$225,3,4),IF($C95<=$M$225,6,7)),IF($C95<=$S$225,IF($C95<=$U$225,10,11),IF($C95<=$AA$225,13,14))) -> 3 | AI95: =IF($C95<=$C$226,IF($C95<=$E$226,IF($C95<=$G$226,3,4),IF($C95<=$M$226,6,7)),IF($C95<=$S$226,9,IF($C95<=$W$226,11,12))) -> 3 | AJ95: =IF($C95<=$C$227,IF($C95<=$E$227,IF($C95<=$G$227,3,4),IF($C95<=$M$227,6,7)),IF($C95<=$S$227,IF($C95<=$U$227,10,11),IF($C95<=$AA$227,13,14))) -> 3 | AK95: =IF($C95<=$C$228,IF($C95<=$E$228,IF($C95<=$G$228,3,4),IF($C95<=$M$228,6,7)),IF($C95<=$S$228,9,IF($C95<=$W$228,11,12))) -> 3 | AL95: =IF($C95<=$C$229,IF($C95<=$E$229,IF($C95<=$G$229,3,4),IF($C95<=$M$229,6,7)),IF($C95<=$S$229,IF($C95<=$U$229,10,11),IF($C95<=$AA$229,13,14))) -> 3 | AM95: =IF($C95<=$C$230,IF($C95<=$E$230,IF($C95<=$G$230,3,4),IF($C95<=$M$230,6,7)),IF($C95<=$S$230,9,IF($C95<=$W$230,11,12))) -> 3 | AN95: =IF($C95<=$C$231,IF($C95<=$E$231,IF($C95<=$G$231,3,4),IF($C95<=$M$231,6,7)),IF($C95<=$S$231,IF($C95<=$U$231,10,11),IF($C95<=$AA$231,13,14))) -> 3 | AO95: =INDEX($B$235:$P$235,1,AE95+1) -> 600.81818 | AP95: =INDEX($B$236:$P$236,1,AF95+1) -> 879.5 | AQ95: =INDEX($B$237:$P$237,1,AG95+1) -> 558 | AR95: =INDEX($B$238:$P$238,1,AH95+1) -> 668.6 | AS95: =INDEX($B$239:$P$239,1,AI95+1) -> 609.80952 | AT95: =INDEX($B$240:$P$240,1,AJ95+1) -> 730.06452 | AU95: =INDEX($B$241:$P$241,1,AK95+1) -> 554.66667 | AV95: =INDEX($B$242:$P$242,1,AL95+1) -> 703.24 | AW95: =INDEX($B$243:$P$243,1,AM95+1) -> 252.66667 | AX95: =INDEX($B$244:$P$244,1,AN95+1) -> 889.97222 | AY95: =AVERAGE(AO95:AX95) -> 644.73378 | AZ95: =$T95-AY95 -> -294.73378 | BA95: =ABS(AZ95) -> 294.73378 | BB95: =AZ95^2 -> 86868 | BC95: =($T95-AVERAGE($T$90:$T$206))^2 -> 2342103.2 | BE95: 0 | BF95: 1 | BG95: 0 | BH95: 1 | BI95: 1 | BJ95: 1 | BK95: 3 | BL95: 1 | BM95: 0 | BN95: 0 | BO95: =IF($E95<=$C$250,IF($E95<=$E$250,IF($E95<=$G$250,3,4),IF($C95<=$M$250,6,7)),IF($C95<=$S$250,9,IF($D95<=$W$250,11,12))) -> 3 | BP95: =IF($E95<=$C$251,IF($E95<=$E$251,IF($E95<=$G$251,3,4),IF($D95<=$M$251,6,7)),IF($E95<=$S$251,IF($E95<=$U$251,10,11),IF($C95<=$AA$251,13,14))) -> 3 | BQ95: =IF($E95<=$C$252,IF($E95<=$E$252,IF($E95<=$G$252,3,4),IF($C95<=$M$252,6,7)),IF($E95<=$S$252,9,IF($C95<=$W$252,11,12))) -> 3 | BR95: =IF($E95<=$C$253,IF($E95<=$E$253,IF($E95<=$G$253,3,4),IF($C95<=$M$253,6,7)),IF($H95<=$S$253,9,10)) -> 3 | BS95: =IF($E95<=$C$254,IF($E95<=$E$254,IF($E95<=$G$254,3,4),IF($E95<=$M$254,6,7)),IF($C95<=$S$254,9,10)) -> 3 | BT95: =IF($E95<=$C$255,IF($E95<=$E$255,IF($E95<=$G$255,3,4),IF($E95<=$M$255,6,7)),IF($E95<=$S$255,IF($E95<=$U$255,10,11),12)) -> 3 | BU95: =IF($E95<=$C$256,IF($E95<=$E$256,IF($M95<=$G$256,3,4),IF($C95<=$M$256,6,7)),IF($E95<=$S$256,IF($E95<=$U$256,10,11),IF($C95<=$AA$256,13,14))) -> 3 | BV95: =IF($E95<=$C$257,IF($E95<=$E$257,IF($E95<=$G$257,3,4),IF($D95<=$M$257,6,7)),IF($E95<=$S$257,IF($E95<=$U$257,10,11),12)) -> 3 | BW95: =IF($E95<=$C$258,IF($E95<=$E$258,IF($E95<=$G$258,3,4),IF($C95<=$M$258,6,7)),IF($E95<=$S$258,9,10)) -> 3 | BX95: =IF($E95<=$C$259,IF($E95<=$E$259,IF($E95<=$G$259,3,4),IF($E95<=$M$259,6,7)),IF($C95<=$S$259,9,10)) -> 3 | BY95: =INDEX($B$263:$P$263,1,BO95+1) -> 526.31579 | BZ95: =INDEX($B$264:$P$264,1,BP95+1) -> 549.21429 | CA95: =INDEX($B$265:$P$265,1,BQ95+1) -> 431.78571 | CB95: =INDEX($B$266:$P$266,1,BR95+1) -> 468.77778 | CC95: =INDEX($B$267:$P$267,1,BS95+1) -> 493.2381 | CD95: =INDEX($B$268:$P$268,1,BT95+1) -> 501.72973 | CE95: =INDEX($B$269:$P$269,1,BU95+1) -> 737.21875 | CF95: =INDEX($B$270:$P$270,1,BV95+1) -> 454.56 | CG95: =INDEX($B$271:$P$271,1,BW95+1) -> 490.48485 | CH95: =INDEX($B$272:$P$272,1,BX95+1) -> 453.52 | CI95: =AVERAGE(BY95:CH95) -> 510.6845 | CJ95: =$T95-CI95 -> -160.6845 | CK95: =ABS(CJ95) -> 160.6845 | CL95: =CJ95^2 -> 25819.508 | CM95: =($T95-AVERAGE($T$90:$T$206))^2 -> 2342103.2
A96: =DATASETS!A12 -> PRES. QUIRINO AVE. | B96: =DATASETS!E12 -> Training | C96: =DATASETS!C12 -> 147617 | D96: =DATASETS!B12 -> 2022 | E96: =DATASETS!I12 -> 350 | F96: =DATASETS!H12 -> 28.8 | G96: =IF($A96=G$88,1,0) -> 1 | H96: =IF($A96=H$88,1,0) -> 0 | I96: =IF($A96=I$88,1,0) -> 0 | J96: =IF($A96=J$88,1,0) -> 0 | K96: =IF($A96=K$88,1,0) -> 0 | L96: =IF($A96=L$88,1,0) -> 0 | M96: =IF($A96=M$88,1,0) -> 0 | N96: =IF($A96=N$88,1,0) -> 0 | ... S96: =IF($A96=S$88,1,0) -> 0 | T96: =DATASETS!D12 -> 808 | U96: 1 | V96: 2 | W96: 0 | X96: 0 | Y96: 0 | Z96: 1 | AA96: 1 | AB96: 1 | AC96: 1 | AD96: 0 | AE96: =IF($C96<=$C$222,IF($C96<=$E$222,IF($C96<=$G$222,3,4),IF($C96<=$M$222,6,7)),IF($C96<=$S$222,9,IF($C96<=$W$222,11,12))) -> 6 | AF96: =IF($C96<=$C$223,IF($C96<=$E$223,IF($C96<=$G$223,3,4),IF($C96<=$M$223,6,7)),IF($C96<=$S$223,IF($C96<=$U$223,10,11),IF($C96<=$AA$223,13,14))) -> 6 | AG96: =IF($C96<=$C$224,IF($C96<=$E$224,IF($C96<=$G$224,3,4),IF($C96<=$M$224,6,7)),IF($C96<=$S$224,IF($C96<=$U$224,10,11),IF($C96<=$AA$224,13,14))) -> 6 | AH96: =IF($C96<=$C$225,IF($C96<=$E$225,IF($C96<=$G$225,3,4),IF($C96<=$M$225,6,7)),IF($C96<=$S$225,IF($C96<=$U$225,10,11),IF($C96<=$AA$225,13,14))) -> 6 | AI96: =IF($C96<=$C$226,IF($C96<=$E$226,IF($C96<=$G$226,3,4),IF($C96<=$M$226,6,7)),IF($C96<=$S$226,9,IF($C96<=$W$226,11,12))) -> 7 | AJ96: =IF($C96<=$C$227,IF($C96<=$E$227,IF($C96<=$G$227,3,4),IF($C96<=$M$227,6,7)),IF($C96<=$S$227,IF($C96<=$U$227,10,11),IF($C96<=$AA$227,13,14))) -> 6 | AK96: =IF($C96<=$C$228,IF($C96<=$E$228,IF($C96<=$G$228,3,4),IF($C96<=$M$228,6,7)),IF($C96<=$S$228,9,IF($C96<=$W$228,11,12))) -> 6 | AL96: =IF($C96<=$C$229,IF($C96<=$E$229,IF($C96<=$G$229,3,4),IF($C96<=$M$229,6,7)),IF($C96<=$S$229,IF($C96<=$U$229,10,11),IF($C96<=$AA$229,13,14))) -> 6 | AM96: =IF($C96<=$C$230,IF($C96<=$E$230,IF($C96<=$G$230,3,4),IF($C96<=$M$230,6,7)),IF($C96<=$S$230,9,IF($C96<=$W$230,11,12))) -> 6 | AN96: =IF($C96<=$C$231,IF($C96<=$E$231,IF($C96<=$G$231,3,4),IF($C96<=$M$231,6,7)),IF($C96<=$S$231,IF($C96<=$U$231,10,11),IF($C96<=$AA$231,13,14))) -> 6 | AO96: =INDEX($B$235:$P$235,1,AE96+1) -> 1533.2941 | AP96: =INDEX($B$236:$P$236,1,AF96+1) -> 1722.05 | AQ96: =INDEX($B$237:$P$237,1,AG96+1) -> 2078.2667 | AR96: =INDEX($B$238:$P$238,1,AH96+1) -> 1627.9429 | AS96: =INDEX($B$239:$P$239,1,AI96+1) -> 1820.9231 | AT96: =INDEX($B$240:$P$240,1,AJ96+1) -> 1681.7308 | AU96: =INDEX($B$241:$P$241,1,AK96+1) -> 1434.4848 | AV96: =INDEX($B$242:$P$242,1,AL96+1) -> 1642.45 | AW96: =INDEX($B$243:$P$243,1,AM96+1) -> 1284.25 | AX96: =INDEX($B$244:$P$244,1,AN96+1) -> 1526.8421 | AY96: =AVERAGE(AO96:AX96) -> 1635.2234 | AZ96: =$T96-AY96 -> -827.22344 | BA96: =ABS(AZ96) -> 827.22344 | BB96: =AZ96^2 -> 684298.63 | BC96: =($T96-AVERAGE($T$90:$T$206))^2 -> 1150027.1 | BE96: 1 | BF96: 2 | BG96: 0 | BH96: 0 | BI96: 0 | BJ96: 1 | BK96: 1 | BL96: 1 | BM96: 1 | BN96: 0 | BO96: =IF($E96<=$C$250,IF($E96<=$E$250,IF($E96<=$G$250,3,4),IF($C96<=$M$250,6,7)),IF($C96<=$S$250,9,IF($D96<=$W$250,11,12))) -> 3 | BP96: =IF($E96<=$C$251,IF($E96<=$E$251,IF($E96<=$G$251,3,4),IF($D96<=$M$251,6,7)),IF($E96<=$S$251,IF($E96<=$U$251,10,11),IF($C96<=$AA$251,13,14))) -> 3 | BQ96: =IF($E96<=$C$252,IF($E96<=$E$252,IF($E96<=$G$252,3,4),IF($C96<=$M$252,6,7)),IF($E96<=$S$252,9,IF($C96<=$W$252,11,12))) -> 3 | BR96: =IF($E96<=$C$253,IF($E96<=$E$253,IF($E96<=$G$253,3,4),IF($C96<=$M$253,6,7)),IF($H96<=$S$253,9,10)) -> 3 | BS96: =IF($E96<=$C$254,IF($E96<=$E$254,IF($E96<=$G$254,3,4),IF($E96<=$M$254,6,7)),IF($C96<=$S$254,9,10)) -> 3 | BT96: =IF($E96<=$C$255,IF($E96<=$E$255,IF($E96<=$G$255,3,4),IF($E96<=$M$255,6,7)),IF($E96<=$S$255,IF($E96<=$U$255,10,11),12)) -> 3 | BU96: =IF($E96<=$C$256,IF($E96<=$E$256,IF($M96<=$G$256,3,4),IF($C96<=$M$256,6,7)),IF($E96<=$S$256,IF($E96<=$U$256,10,11),IF($C96<=$AA$256,13,14))) -> 3 | BV96: =IF($E96<=$C$257,IF($E96<=$E$257,IF($E96<=$G$257,3,4),IF($D96<=$M$257,6,7)),IF($E96<=$S$257,IF($E96<=$U$257,10,11),12)) -> 3 | BW96: =IF($E96<=$C$258,IF($E96<=$E$258,IF($E96<=$G$258,3,4),IF($C96<=$M$258,6,7)),IF($E96<=$S$258,9,10)) -> 3 | BX96: =IF($E96<=$C$259,IF($E96<=$E$259,IF($E96<=$G$259,3,4),IF($E96<=$M$259,6,7)),IF($C96<=$S$259,9,10)) -> 3 | BY96: =INDEX($B$263:$P$263,1,BO96+1) -> 526.31579 | BZ96: =INDEX($B$264:$P$264,1,BP96+1) -> 549.21429 | CA96: =INDEX($B$265:$P$265,1,BQ96+1) -> 431.78571 | CB96: =INDEX($B$266:$P$266,1,BR96+1) -> 468.77778 | CC96: =INDEX($B$267:$P$267,1,BS96+1) -> 493.2381 | CD96: =INDEX($B$268:$P$268,1,BT96+1) -> 501.72973 | CE96: =INDEX($B$269:$P$269,1,BU96+1) -> 737.21875 | CF96: =INDEX($B$270:$P$270,1,BV96+1) -> 454.56 | CG96: =INDEX($B$271:$P$271,1,BW96+1) -> 490.48485 | CH96: =INDEX($B$272:$P$272,1,BX96+1) -> 453.52 | CI96: =AVERAGE(BY96:CH96) -> 510.6845 | CJ96: =$T96-CI96 -> 297.3155 | CK96: =ABS(CJ96) -> 297.3155 | CL96: =CJ96^2 -> 88396.507 | CM96: =($T96-AVERAGE($T$90:$T$206))^2 -> 1150027.1
A97: =DATASETS!A13 -> PRES. QUIRINO AVE. | B97: =DATASETS!E13 -> Training | C97: =DATASETS!C13 -> 177881 | D97: =DATASETS!B13 -> 2023 | E97: =DATASETS!I13 -> 808 | F97: =DATASETS!H13 -> 28.8 | G97: =IF($A97=G$88,1,0) -> 1 | H97: =IF($A97=H$88,1,0) -> 0 | I97: =IF($A97=I$88,1,0) -> 0 | J97: =IF($A97=J$88,1,0) -> 0 | K97: =IF($A97=K$88,1,0) -> 0 | L97: =IF($A97=L$88,1,0) -> 0 | M97: =IF($A97=M$88,1,0) -> 0 | N97: =IF($A97=N$88,1,0) -> 0 | ... S97: =IF($A97=S$88,1,0) -> 0 | T97: =DATASETS!D13 -> 951 | U97: 0 | V97: 1 | W97: 0 | X97: 1 | Y97: 0 | Z97: 1 | AA97: 1 | AB97: 0 | AC97: 0 | AD97: 1 | AE97: =IF($C97<=$C$222,IF($C97<=$E$222,IF($C97<=$G$222,3,4),IF($C97<=$M$222,6,7)),IF($C97<=$S$222,9,IF($C97<=$W$222,11,12))) -> 6 | AF97: =IF($C97<=$C$223,IF($C97<=$E$223,IF($C97<=$G$223,3,4),IF($C97<=$M$223,6,7)),IF($C97<=$S$223,IF($C97<=$U$223,10,11),IF($C97<=$AA$223,13,14))) -> 7 | AG97: =IF($C97<=$C$224,IF($C97<=$E$224,IF($C97<=$G$224,3,4),IF($C97<=$M$224,6,7)),IF($C97<=$S$224,IF($C97<=$U$224,10,11),IF($C97<=$AA$224,13,14))) -> 6 | AH97: =IF($C97<=$C$225,IF($C97<=$E$225,IF($C97<=$G$225,3,4),IF($C97<=$M$225,6,7)),IF($C97<=$S$225,IF($C97<=$U$225,10,11),IF($C97<=$AA$225,13,14))) -> 6 | AI97: =IF($C97<=$C$226,IF($C97<=$E$226,IF($C97<=$G$226,3,4),IF($C97<=$M$226,6,7)),IF($C97<=$S$226,9,IF($C97<=$W$226,11,12))) -> 7 | AJ97: =IF($C97<=$C$227,IF($C97<=$E$227,IF($C97<=$G$227,3,4),IF($C97<=$M$227,6,7)),IF($C97<=$S$227,IF($C97<=$U$227,10,11),IF($C97<=$AA$227,13,14))) -> 6 | AK97: =IF($C97<=$C$228,IF($C97<=$E$228,IF($C97<=$G$228,3,4),IF($C97<=$M$228,6,7)),IF($C97<=$S$228,9,IF($C97<=$W$228,11,12))) -> 6 | AL97: =IF($C97<=$C$229,IF($C97<=$E$229,IF($C97<=$G$229,3,4),IF($C97<=$M$229,6,7)),IF($C97<=$S$229,IF($C97<=$U$229,10,11),IF($C97<=$AA$229,13,14))) -> 6 | AM97: =IF($C97<=$C$230,IF($C97<=$E$230,IF($C97<=$G$230,3,4),IF($C97<=$M$230,6,7)),IF($C97<=$S$230,9,IF($C97<=$W$230,11,12))) -> 7 | AN97: =IF($C97<=$C$231,IF($C97<=$E$231,IF($C97<=$G$231,3,4),IF($C97<=$M$231,6,7)),IF($C97<=$S$231,IF($C97<=$U$231,10,11),IF($C97<=$AA$231,13,14))) -> 6 | AO97: =INDEX($B$235:$P$235,1,AE97+1) -> 1533.2941 | AP97: =INDEX($B$236:$P$236,1,AF97+1) -> 1396.0455 | AQ97: =INDEX($B$237:$P$237,1,AG97+1) -> 2078.2667 | AR97: =INDEX($B$238:$P$238,1,AH97+1) -> 1627.9429 | AS97: =INDEX($B$239:$P$239,1,AI97+1) -> 1820.9231 | AT97: =INDEX($B$240:$P$240,1,AJ97+1) -> 1681.7308 | AU97: =INDEX($B$241:$P$241,1,AK97+1) -> 1434.4848 | AV97: =INDEX($B$242:$P$242,1,AL97+1) -> 1642.45 | AW97: =INDEX($B$243:$P$243,1,AM97+1) -> 1715.36 | AX97: =INDEX($B$244:$P$244,1,AN97+1) -> 1526.8421 | AY97: =AVERAGE(AO97:AX97) -> 1645.734 | AZ97: =$T97-AY97 -> -694.73399 | BA97: =ABS(AZ97) -> 694.73399 | BB97: =AZ97^2 -> 482655.32 | BC97: =($T97-AVERAGE($T$90:$T$206))^2 -> 863771.65 | BE97: 0 | BF97: 1 | BG97: 0 | BH97: 1 | BI97: 0 | BJ97: 1 | BK97: 1 | BL97: 0 | BM97: 0 | BN97: 1 | BO97: =IF($E97<=$C$250,IF($E97<=$E$250,IF($E97<=$G$250,3,4),IF($C97<=$M$250,6,7)),IF($C97<=$S$250,9,IF($D97<=$W$250,11,12))) -> 4 | BP97: =IF($E97<=$C$251,IF($E97<=$E$251,IF($E97<=$G$251,3,4),IF($D97<=$M$251,6,7)),IF($E97<=$S$251,IF($E97<=$U$251,10,11),IF($C97<=$AA$251,13,14))) -> 4 | BQ97: =IF($E97<=$C$252,IF($E97<=$E$252,IF($E97<=$G$252,3,4),IF($C97<=$M$252,6,7)),IF($E97<=$S$252,9,IF($C97<=$W$252,11,12))) -> 4 | BR97: =IF($E97<=$C$253,IF($E97<=$E$253,IF($E97<=$G$253,3,4),IF($C97<=$M$253,6,7)),IF($H97<=$S$253,9,10)) -> 4 | BS97: =IF($E97<=$C$254,IF($E97<=$E$254,IF($E97<=$G$254,3,4),IF($E97<=$M$254,6,7)),IF($C97<=$S$254,9,10)) -> 4 | BT97: =IF($E97<=$C$255,IF($E97<=$E$255,IF($E97<=$G$255,3,4),IF($E97<=$M$255,6,7)),IF($E97<=$S$255,IF($E97<=$U$255,10,11),12)) -> 4 | BU97: =IF($E97<=$C$256,IF($E97<=$E$256,IF($M97<=$G$256,3,4),IF($C97<=$M$256,6,7)),IF($E97<=$S$256,IF($E97<=$U$256,10,11),IF($C97<=$AA$256,13,14))) -> 3 | BV97: =IF($E97<=$C$257,IF($E97<=$E$257,IF($E97<=$G$257,3,4),IF($D97<=$M$257,6,7)),IF($E97<=$S$257,IF($E97<=$U$257,10,11),12)) -> 4 | BW97: =IF($E97<=$C$258,IF($E97<=$E$258,IF($E97<=$G$258,3,4),IF($C97<=$M$258,6,7)),IF($E97<=$S$258,9,10)) -> 4 | BX97: =IF($E97<=$C$259,IF($E97<=$E$259,IF($E97<=$G$259,3,4),IF($E97<=$M$259,6,7)),IF($C97<=$S$259,9,10)) -> 4 | BY97: =INDEX($B$263:$P$263,1,BO97+1) -> 1064.1818 | BZ97: =INDEX($B$264:$P$264,1,BP97+1) -> 1019.8182 | CA97: =INDEX($B$265:$P$265,1,BQ97+1) -> 1010.6552 | CB97: =INDEX($B$266:$P$266,1,BR97+1) -> 1067.3953 | CC97: =INDEX($B$267:$P$267,1,BS97+1) -> 1186.5882 | CD97: =INDEX($B$268:$P$268,1,BT97+1) -> 1025.6087 | CE97: =INDEX($B$269:$P$269,1,BU97+1) -> 737.21875 | CF97: =INDEX($B$270:$P$270,1,BV97+1) -> 1130.5 | CG97: =INDEX($B$271:$P$271,1,BW97+1) -> 1060.5135 | CH97: =INDEX($B$272:$P$272,1,BX97+1) -> 1071.4091 | CI97: =AVERAGE(BY97:CH97) -> 1037.3889 | CJ97: =$T97-CI97 -> -86.388881 | CK97: =ABS(CJ97) -> 86.388881 | CL97: =CJ97^2 -> 7463.0387 | CM97: =($T97-AVERAGE($T$90:$T$206))^2 -> 863771.65
A98: =DATASETS!A14 -> PRES. QUIRINO AVE. | B98: =DATASETS!E14 -> Training | C98: =DATASETS!C14 -> 195138 | D98: =DATASETS!B14 -> 2024 | E98: =DATASETS!I14 -> 951 | F98: =DATASETS!H14 -> 28.8 | G98: =IF($A98=G$88,1,0) -> 1 | H98: =IF($A98=H$88,1,0) -> 0 | I98: =IF($A98=I$88,1,0) -> 0 | J98: =IF($A98=J$88,1,0) -> 0 | K98: =IF($A98=K$88,1,0) -> 0 | L98: =IF($A98=L$88,1,0) -> 0 | M98: =IF($A98=M$88,1,0) -> 0 | N98: =IF($A98=N$88,1,0) -> 0 | ... S98: =IF($A98=S$88,1,0) -> 0 | T98: =DATASETS!D14 -> 1041 | U98: 1 | V98: 0 | W98: 1 | X98: 0 | Y98: 1 | Z98: 1 | AA98: 0 | AB98: 1 | AC98: 0 | AD98: 2 | AE98: =IF($C98<=$C$222,IF($C98<=$E$222,IF($C98<=$G$222,3,4),IF($C98<=$M$222,6,7)),IF($C98<=$S$222,9,IF($C98<=$W$222,11,12))) -> 7 | AF98: =IF($C98<=$C$223,IF($C98<=$E$223,IF($C98<=$G$223,3,4),IF($C98<=$M$223,6,7)),IF($C98<=$S$223,IF($C98<=$U$223,10,11),IF($C98<=$AA$223,13,14))) -> 7 | AG98: =IF($C98<=$C$224,IF($C98<=$E$224,IF($C98<=$G$224,3,4),IF($C98<=$M$224,6,7)),IF($C98<=$S$224,IF($C98<=$U$224,10,11),IF($C98<=$AA$224,13,14))) -> 7 | AH98: =IF($C98<=$C$225,IF($C98<=$E$225,IF($C98<=$G$225,3,4),IF($C98<=$M$225,6,7)),IF($C98<=$S$225,IF($C98<=$U$225,10,11),IF($C98<=$AA$225,13,14))) -> 6 | AI98: =IF($C98<=$C$226,IF($C98<=$E$226,IF($C98<=$G$226,3,4),IF($C98<=$M$226,6,7)),IF($C98<=$S$226,9,IF($C98<=$W$226,11,12))) -> 7 | AJ98: =IF($C98<=$C$227,IF($C98<=$E$227,IF($C98<=$G$227,3,4),IF($C98<=$M$227,6,7)),IF($C98<=$S$227,IF($C98<=$U$227,10,11),IF($C98<=$AA$227,13,14))) -> 7 | AK98: =IF($C98<=$C$228,IF($C98<=$E$228,IF($C98<=$G$228,3,4),IF($C98<=$M$228,6,7)),IF($C98<=$S$228,9,IF($C98<=$W$228,11,12))) -> 7 | AL98: =IF($C98<=$C$229,IF($C98<=$E$229,IF($C98<=$G$229,3,4),IF($C98<=$M$229,6,7)),IF($C98<=$S$229,IF($C98<=$U$229,10,11),IF($C98<=$AA$229,13,14))) -> 7 | AM98: =IF($C98<=$C$230,IF($C98<=$E$230,IF($C98<=$G$230,3,4),IF($C98<=$M$230,6,7)),IF($C98<=$S$230,9,IF($C98<=$W$230,11,12))) -> 7 | AN98: =IF($C98<=$C$231,IF($C98<=$E$231,IF($C98<=$G$231,3,4),IF($C98<=$M$231,6,7)),IF($C98<=$S$231,IF($C98<=$U$231,10,11),IF($C98<=$AA$231,13,14))) -> 7 | AO98: =INDEX($B$235:$P$235,1,AE98+1) -> 1949.0909 | AP98: =INDEX($B$236:$P$236,1,AF98+1) -> 1396.0455 | AQ98: =INDEX($B$237:$P$237,1,AG98+1) -> 1137.6 | AR98: =INDEX($B$238:$P$238,1,AH98+1) -> 1627.9429 | AS98: =INDEX($B$239:$P$239,1,AI98+1) -> 1820.9231 | AT98: =INDEX($B$240:$P$240,1,AJ98+1) -> 1187.4 | AU98: =INDEX($B$241:$P$241,1,AK98+1) -> 2250.25 | AV98: =INDEX($B$242:$P$242,1,AL98+1) -> 2257.4375 | AW98: =INDEX($B$243:$P$243,1,AM98+1) -> 1715.36 | AX98: =INDEX($B$244:$P$244,1,AN98+1) -> 1973.8571 | AY98: =AVERAGE(AO98:AX98) -> 1731.5907 | AZ98: =$T98-AY98 -> -690.59069 | BA98: =ABS(AZ98) -> 690.59069 | BB98: =AZ98^2 -> 476915.51 | BC98: =($T98-AVERAGE($T$90:$T$206))^2 -> 704580.88 | BE98: 1 | BF98: 0 | BG98: 1 | BH98: 0 | BI98: 1 | BJ98: 1 | BK98: 0 | BL98: 1 | BM98: 0 | BN98: 2 | BO98: =IF($E98<=$C$250,IF($E98<=$E$250,IF($E98<=$G$250,3,4),IF($C98<=$M$250,6,7)),IF($C98<=$S$250,9,IF($D98<=$W$250,11,12))) -> 4 | BP98: =IF($E98<=$C$251,IF($E98<=$E$251,IF($E98<=$G$251,3,4),IF($D98<=$M$251,6,7)),IF($E98<=$S$251,IF($E98<=$U$251,10,11),IF($C98<=$AA$251,13,14))) -> 4 | BQ98: =IF($E98<=$C$252,IF($E98<=$E$252,IF($E98<=$G$252,3,4),IF($C98<=$M$252,6,7)),IF($E98<=$S$252,9,IF($C98<=$W$252,11,12))) -> 4 | BR98: =IF($E98<=$C$253,IF($E98<=$E$253,IF($E98<=$G$253,3,4),IF($C98<=$M$253,6,7)),IF($H98<=$S$253,9,10)) -> 4 | BS98: =IF($E98<=$C$254,IF($E98<=$E$254,IF($E98<=$G$254,3,4),IF($E98<=$M$254,6,7)),IF($C98<=$S$254,9,10)) -> 4 | BT98: =IF($E98<=$C$255,IF($E98<=$E$255,IF($E98<=$G$255,3,4),IF($E98<=$M$255,6,7)),IF($E98<=$S$255,IF($E98<=$U$255,10,11),12)) -> 4 | BU98: =IF($E98<=$C$256,IF($E98<=$E$256,IF($M98<=$G$256,3,4),IF($C98<=$M$256,6,7)),IF($E98<=$S$256,IF($E98<=$U$256,10,11),IF($C98<=$AA$256,13,14))) -> 3 | BV98: =IF($E98<=$C$257,IF($E98<=$E$257,IF($E98<=$G$257,3,4),IF($D98<=$M$257,6,7)),IF($E98<=$S$257,IF($E98<=$U$257,10,11),12)) -> 4 | BW98: =IF($E98<=$C$258,IF($E98<=$E$258,IF($E98<=$G$258,3,4),IF($C98<=$M$258,6,7)),IF($E98<=$S$258,9,10)) -> 4 | BX98: =IF($E98<=$C$259,IF($E98<=$E$259,IF($E98<=$G$259,3,4),IF($E98<=$M$259,6,7)),IF($C98<=$S$259,9,10)) -> 4 | BY98: =INDEX($B$263:$P$263,1,BO98+1) -> 1064.1818 | BZ98: =INDEX($B$264:$P$264,1,BP98+1) -> 1019.8182 | CA98: =INDEX($B$265:$P$265,1,BQ98+1) -> 1010.6552 | CB98: =INDEX($B$266:$P$266,1,BR98+1) -> 1067.3953 | CC98: =INDEX($B$267:$P$267,1,BS98+1) -> 1186.5882 | CD98: =INDEX($B$268:$P$268,1,BT98+1) -> 1025.6087 | CE98: =INDEX($B$269:$P$269,1,BU98+1) -> 737.21875 | CF98: =INDEX($B$270:$P$270,1,BV98+1) -> 1130.5 | CG98: =INDEX($B$271:$P$271,1,BW98+1) -> 1060.5135 | CH98: =INDEX($B$272:$P$272,1,BX98+1) -> 1071.4091 | CI98: =AVERAGE(BY98:CH98) -> 1037.3889 | CJ98: =$T98-CI98 -> 3.6111193 | CK98: =ABS(CJ98) -> 3.6111193 | CL98: =CJ98^2 -> 13.040183 | CM98: =($T98-AVERAGE($T$90:$T$206))^2 -> 704580.88
A99: =DATASETS!A16 -> C.P. GARCIA /KATIPUNAN AVE. / TANDANG SORA | B99: =DATASETS!E16 -> Training | C99: =DATASETS!C16 -> 218155 | D99: =DATASETS!B16 -> 2016 | E99: =DATASETS!I16 -> 4598 | F99: =DATASETS!H16 -> 438.7 | G99: =IF($A99=G$88,1,0) -> 0 | H99: =IF($A99=H$88,1,0) -> 1 | I99: =IF($A99=I$88,1,0) -> 0 | J99: =IF($A99=J$88,1,0) -> 0 | K99: =IF($A99=K$88,1,0) -> 0 | L99: =IF($A99=L$88,1,0) -> 0 | M99: =IF($A99=M$88,1,0) -> 0 | N99: =IF($A99=N$88,1,0) -> 0 | ... S99: =IF($A99=S$88,1,0) -> 0 | T99: =DATASETS!D16 -> 5911 | U99: 2 | V99: 3 | W99: 0 | X99: 3 | Y99: 2 | Z99: 1 | AA99: 0 | AB99: 1 | AC99: 1 | AD99: 0 | AE99: =IF($C99<=$C$222,IF($C99<=$E$222,IF($C99<=$G$222,3,4),IF($C99<=$M$222,6,7)),IF($C99<=$S$222,9,IF($C99<=$W$222,11,12))) -> 9 | AF99: =IF($C99<=$C$223,IF($C99<=$E$223,IF($C99<=$G$223,3,4),IF($C99<=$M$223,6,7)),IF($C99<=$S$223,IF($C99<=$U$223,10,11),IF($C99<=$AA$223,13,14))) -> 10 | AG99: =IF($C99<=$C$224,IF($C99<=$E$224,IF($C99<=$G$224,3,4),IF($C99<=$M$224,6,7)),IF($C99<=$S$224,IF($C99<=$U$224,10,11),IF($C99<=$AA$224,13,14))) -> 10 | AH99: =IF($C99<=$C$225,IF($C99<=$E$225,IF($C99<=$G$225,3,4),IF($C99<=$M$225,6,7)),IF($C99<=$S$225,IF($C99<=$U$225,10,11),IF($C99<=$AA$225,13,14))) -> 10 | AI99: =IF($C99<=$C$226,IF($C99<=$E$226,IF($C99<=$G$226,3,4),IF($C99<=$M$226,6,7)),IF($C99<=$S$226,9,IF($C99<=$W$226,11,12))) -> 9 | AJ99: =IF($C99<=$C$227,IF($C99<=$E$227,IF($C99<=$G$227,3,4),IF($C99<=$M$227,6,7)),IF($C99<=$S$227,IF($C99<=$U$227,10,11),IF($C99<=$AA$227,13,14))) -> 11 | AK99: =IF($C99<=$C$228,IF($C99<=$E$228,IF($C99<=$G$228,3,4),IF($C99<=$M$228,6,7)),IF($C99<=$S$228,9,IF($C99<=$W$228,11,12))) -> 9 | AL99: =IF($C99<=$C$229,IF($C99<=$E$229,IF($C99<=$G$229,3,4),IF($C99<=$M$229,6,7)),IF($C99<=$S$229,IF($C99<=$U$229,10,11),IF($C99<=$AA$229,13,14))) -> 10 | AM99: =IF($C99<=$C$230,IF($C99<=$E$230,IF($C99<=$G$230,3,4),IF($C99<=$M$230,6,7)),IF($C99<=$S$230,9,IF($C99<=$W$230,11,12))) -> 7 | AN99: =IF($C99<=$C$231,IF($C99<=$E$231,IF($C99<=$G$231,3,4),IF($C99<=$M$231,6,7)),IF($C99<=$S$231,IF($C99<=$U$231,10,11),IF($C99<=$AA$231,13,14))) -> 10 | AO99: =INDEX($B$235:$P$235,1,AE99+1) -> 4308.1429 | AP99: =INDEX($B$236:$P$236,1,AF99+1) -> 4547 | AQ99: =INDEX($B$237:$P$237,1,AG99+1) -> 5339.5 | AR99: =INDEX($B$238:$P$238,1,AH99+1) -> 6156.4 | AS99: =INDEX($B$239:$P$239,1,AI99+1) -> 5477.5714 | AT99: =INDEX($B$240:$P$240,1,AJ99+1) -> 1861.4286 | AU99: =INDEX($B$241:$P$241,1,AK99+1) -> 6518.25 | AV99: =INDEX($B$242:$P$242,1,AL99+1) -> 6311.6667 | AW99: =INDEX($B$243:$P$243,1,AM99+1) -> 1715.36 | AX99: =INDEX($B$244:$P$244,1,AN99+1) -> 3516.5 | AY99: =AVERAGE(AO99:AX99) -> 4575.182 | AZ99: =$T99-AY99 -> 1335.818 | BA99: =ABS(AZ99) -> 1335.818 | BB99: =AZ99^2 -> 1784409.9 | BC99: =($T99-AVERAGE($T$90:$T$206))^2 -> 16245791 | BE99: 2 | BF99: 3 | BG99: 0 | BH99: 3 | BI99: 2 | BJ99: 1 | BK99: 0 | BL99: 1 | BM99: 1 | BN99: 0 | BO99: =IF($E99<=$C$250,IF($E99<=$E$250,IF($E99<=$G$250,3,4),IF($C99<=$M$250,6,7)),IF($C99<=$S$250,9,IF($D99<=$W$250,11,12))) -> 9 | BP99: =IF($E99<=$C$251,IF($E99<=$E$251,IF($E99<=$G$251,3,4),IF($D99<=$M$251,6,7)),IF($E99<=$S$251,IF($E99<=$U$251,10,11),IF($C99<=$AA$251,13,14))) -> 11 | BQ99: =IF($E99<=$C$252,IF($E99<=$E$252,IF($E99<=$G$252,3,4),IF($C99<=$M$252,6,7)),IF($E99<=$S$252,9,IF($C99<=$W$252,11,12))) -> 9 | BR99: =IF($E99<=$C$253,IF($E99<=$E$253,IF($E99<=$G$253,3,4),IF($C99<=$M$253,6,7)),IF($H99<=$S$253,9,10)) -> 10 | BS99: =IF($E99<=$C$254,IF($E99<=$E$254,IF($E99<=$G$254,3,4),IF($E99<=$M$254,6,7)),IF($C99<=$S$254,9,10)) -> 9 | BT99: =IF($E99<=$C$255,IF($E99<=$E$255,IF($E99<=$G$255,3,4),IF($E99<=$M$255,6,7)),IF($E99<=$S$255,IF($E99<=$U$255,10,11),12)) -> 11 | BU99: =IF($E99<=$C$256,IF($E99<=$E$256,IF($M99<=$G$256,3,4),IF($C99<=$M$256,6,7)),IF($E99<=$S$256,IF($E99<=$U$256,10,11),IF($C99<=$AA$256,13,14))) -> 11 | BV99: =IF($E99<=$C$257,IF($E99<=$E$257,IF($E99<=$G$257,3,4),IF($D99<=$M$257,6,7)),IF($E99<=$S$257,IF($E99<=$U$257,10,11),12)) -> 11 | BW99: =IF($E99<=$C$258,IF($E99<=$E$258,IF($E99<=$G$258,3,4),IF($C99<=$M$258,6,7)),IF($E99<=$S$258,9,10)) -> 9 | BX99: =IF($E99<=$C$259,IF($E99<=$E$259,IF($E99<=$G$259,3,4),IF($E99<=$M$259,6,7)),IF($C99<=$S$259,9,10)) -> 7 | BY99: =INDEX($B$263:$P$263,1,BO99+1) -> 5918.4444 | BZ99: =INDEX($B$264:$P$264,1,BP99+1) -> 5495 | CA99: =INDEX($B$265:$P$265,1,BQ99+1) -> 4575 | CB99: =INDEX($B$266:$P$266,1,BR99+1) -> 7110.625 | CC99: =INDEX($B$267:$P$267,1,BS99+1) -> 6128.875 | CD99: =INDEX($B$268:$P$268,1,BT99+1) -> 4997.75 | CE99: =INDEX($B$269:$P$269,1,BU99+1) -> 5094.8 | CF99: =INDEX($B$270:$P$270,1,BV99+1) -> 5442.25 | CG99: =INDEX($B$271:$P$271,1,BW99+1) -> 5119.75 | CH99: =INDEX($B$272:$P$272,1,BX99+1) -> 3729.6667 | CI99: =AVERAGE(BY99:CH99) -> 5361.2161 | CJ99: =$T99-CI99 -> 549.78389 | CK99: =ABS(CJ99) -> 549.78389 | CL99: =CJ99^2 -> 302262.32 | CM99: =($T99-AVERAGE($T$90:$T$206))^2 -> 16245791
A100: =DATASETS!A17 -> C.P. GARCIA /KATIPUNAN AVE. / TANDANG SORA | B100: =DATASETS!E17 -> Training | C100: =DATASETS!C17 -> 218751 | D100: =DATASETS!B17 -> 2017 | E100: =DATASETS!I17 -> 5911 | F100: =DATASETS!H17 -> 438.7 | G100: =IF($A100=G$88,1,0) -> 0 | H100: =IF($A100=H$88,1,0) -> 1 | I100: =IF($A100=I$88,1,0) -> 0 | J100: =IF($A100=J$88,1,0) -> 0 | K100: =IF($A100=K$88,1,0) -> 0 | L100: =IF($A100=L$88,1,0) -> 0 | M100: =IF($A100=M$88,1,0) -> 0 | N100: =IF($A100=N$88,1,0) -> 0 | ... S100: =IF($A100=S$88,1,0) -> 0 | T100: =DATASETS!D17 -> 5794 | U100: 0 | V100: 1 | W100: 1 | X100: 1 | Y100: 0 | Z100: 0 | AA100: 1 | AB100: 0 | AC100: 0 | AD100: 2 | AE100: =IF($C100<=$C$222,IF($C100<=$E$222,IF($C100<=$G$222,3,4),IF($C100<=$M$222,6,7)),IF($C100<=$S$222,9,IF($C100<=$W$222,11,12))) -> 9 | AF100: =IF($C100<=$C$223,IF($C100<=$E$223,IF($C100<=$G$223,3,4),IF($C100<=$M$223,6,7)),IF($C100<=$S$223,IF($C100<=$U$223,10,11),IF($C100<=$AA$223,13,14))) -> 10 | AG100: =IF($C100<=$C$224,IF($C100<=$E$224,IF($C100<=$G$224,3,4),IF($C100<=$M$224,6,7)),IF($C100<=$S$224,IF($C100<=$U$224,10,11),IF($C100<=$AA$224,13,14))) -> 10 | AH100: =IF($C100<=$C$225,IF($C100<=$E$225,IF($C100<=$G$225,3,4),IF($C100<=$M$225,6,7)),IF($C100<=$S$225,IF($C100<=$U$225,10,11),IF($C100<=$AA$225,13,14))) -> 10 | AI100: =IF($C100<=$C$226,IF($C100<=$E$226,IF($C100<=$G$226,3,4),IF($C100<=$M$226,6,7)),IF($C100<=$S$226,9,IF($C100<=$W$226,11,12))) -> 9 | AJ100: =IF($C100<=$C$227,IF($C100<=$E$227,IF($C100<=$G$227,3,4),IF($C100<=$M$227,6,7)),IF($C100<=$S$227,IF($C100<=$U$227,10,11),IF($C100<=$AA$227,13,14))) -> 11 | AK100: =IF($C100<=$C$228,IF($C100<=$E$228,IF($C100<=$G$228,3,4),IF($C100<=$M$228,6,7)),IF($C100<=$S$228,9,IF($C100<=$W$228,11,12))) -> 9 | AL100: =IF($C100<=$C$229,IF($C100<=$E$229,IF($C100<=$G$229,3,4),IF($C100<=$M$229,6,7)),IF($C100<=$S$229,IF($C100<=$U$229,10,11),IF($C100<=$AA$229,13,14))) -> 10 | AM100: =IF($C100<=$C$230,IF($C100<=$E$230,IF($C100<=$G$230,3,4),IF($C100<=$M$230,6,7)),IF($C100<=$S$230,9,IF($C100<=$W$230,11,12))) -> 7 | AN100: =IF($C100<=$C$231,IF($C100<=$E$231,IF($C100<=$G$231,3,4),IF($C100<=$M$231,6,7)),IF($C100<=$S$231,IF($C100<=$U$231,10,11),IF($C100<=$AA$231,13,14))) -> 10 | AO100: =INDEX($B$235:$P$235,1,AE100+1) -> 4308.1429 | AP100: =INDEX($B$236:$P$236,1,AF100+1) -> 4547 | AQ100: =INDEX($B$237:$P$237,1,AG100+1) -> 5339.5 | AR100: =INDEX($B$238:$P$238,1,AH100+1) -> 6156.4 | AS100: =INDEX($B$239:$P$239,1,AI100+1) -> 5477.5714 | AT100: =INDEX($B$240:$P$240,1,AJ100+1) -> 1861.4286 | AU100: =INDEX($B$241:$P$241,1,AK100+1) -> 6518.25 | AV100: =INDEX($B$242:$P$242,1,AL100+1) -> 6311.6667 | AW100: =INDEX($B$243:$P$243,1,AM100+1) -> 1715.36 | AX100: =INDEX($B$244:$P$244,1,AN100+1) -> 3516.5 | AY100: =AVERAGE(AO100:AX100) -> 4575.182 | AZ100: =$T100-AY100 -> 1218.818 | BA100: =ABS(AZ100) -> 1218.818 | BB100: =AZ100^2 -> 1485517.4 | BC100: =($T100-AVERAGE($T$90:$T$206))^2 -> 15316318 | BE100: 0 | BF100: 1 | BG100: 1 | BH100: 1 | BI100: 0 | BJ100: 0 | BK100: 1 | BL100: 0 | BM100: 0 | BN100: 2 | BO100: =IF($E100<=$C$250,IF($E100<=$E$250,IF($E100<=$G$250,3,4),IF($C100<=$M$250,6,7)),IF($C100<=$S$250,9,IF($D100<=$W$250,11,12))) -> 9 | BP100: =IF($E100<=$C$251,IF($E100<=$E$251,IF($E100<=$G$251,3,4),IF($D100<=$M$251,6,7)),IF($E100<=$S$251,IF($E100<=$U$251,10,11),IF($C100<=$AA$251,13,14))) -> 13 | BQ100: =IF($E100<=$C$252,IF($E100<=$E$252,IF($E100<=$G$252,3,4),IF($C100<=$M$252,6,7)),IF($E100<=$S$252,9,IF($C100<=$W$252,11,12))) -> 12 | BR100: =IF($E100<=$C$253,IF($E100<=$E$253,IF($E100<=$G$253,3,4),IF($C100<=$M$253,6,7)),IF($H100<=$S$253,9,10)) -> 10 | BS100: =IF($E100<=$C$254,IF($E100<=$E$254,IF($E100<=$G$254,3,4),IF($E100<=$M$254,6,7)),IF($C100<=$S$254,9,10)) -> 9 | BT100: =IF($E100<=$C$255,IF($E100<=$E$255,IF($E100<=$G$255,3,4),IF($E100<=$M$255,6,7)),IF($E100<=$S$255,IF($E100<=$U$255,10,11),12)) -> 12 | BU100: =IF($E100<=$C$256,IF($E100<=$E$256,IF($M100<=$G$256,3,4),IF($C100<=$M$256,6,7)),IF($E100<=$S$256,IF($E100<=$U$256,10,11),IF($C100<=$AA$256,13,14))) -> 13 | BV100: =IF($E100<=$C$257,IF($E100<=$E$257,IF($E100<=$G$257,3,4),IF($D100<=$M$257,6,7)),IF($E100<=$S$257,IF($E100<=$U$257,10,11),12)) -> 12 | BW100: =IF($E100<=$C$258,IF($E100<=$E$258,IF($E100<=$G$258,3,4),IF($C100<=$M$258,6,7)),IF($E100<=$S$258,9,10)) -> 10 | BX100: =IF($E100<=$C$259,IF($E100<=$E$259,IF($E100<=$G$259,3,4),IF($E100<=$M$259,6,7)),IF($C100<=$S$259,9,10)) -> 9 | BY100: =INDEX($B$263:$P$263,1,BO100+1) -> 5918.4444 | BZ100: =INDEX($B$264:$P$264,1,BP100+1) -> 7561 | CA100: =INDEX($B$265:$P$265,1,BQ100+1) -> 7604.25 | CB100: =INDEX($B$266:$P$266,1,BR100+1) -> 7110.625 | CC100: =INDEX($B$267:$P$267,1,BS100+1) -> 6128.875 | CD100: =INDEX($B$268:$P$268,1,BT100+1) -> 7763.8333 | CE100: =INDEX($B$269:$P$269,1,BU100+1) -> 6378 | CF100: =INDEX($B$270:$P$270,1,BV100+1) -> 7488.8889 | CG100: =INDEX($B$271:$P$271,1,BW100+1) -> 8392 | CH100: =INDEX($B$272:$P$272,1,BX100+1) -> 6012.75 | CI100: =AVERAGE(BY100:CH100) -> 7035.8667 | CJ100: =$T100-CI100 -> -1241.8667 | CK100: =ABS(CJ100) -> 1241.8667 | CL100: =CJ100^2 -> 1542232.8 | CM100: =($T100-AVERAGE($T$90:$T$206))^2 -> 15316318
A101: =DATASETS!A18 -> C.P. GARCIA /KATIPUNAN AVE. / TANDANG SORA | B101: =DATASETS!E18 -> Training | C101: =DATASETS!C18 -> 235744 | D101: =DATASETS!B18 -> 2018 | E101: =DATASETS!I18 -> 5794 | F101: =DATASETS!H18 -> 438.7 | G101: =IF($A101=G$88,1,0) -> 0 | H101: =IF($A101=H$88,1,0) -> 1 | I101: =IF($A101=I$88,1,0) -> 0 | J101: =IF($A101=J$88,1,0) -> 0 | K101: =IF($A101=K$88,1,0) -> 0 | L101: =IF($A101=L$88,1,0) -> 0 | M101: =IF($A101=M$88,1,0) -> 0 | N101: =IF($A101=N$88,1,0) -> 0 | ... S101: =IF($A101=S$88,1,0) -> 0 | T101: =DATASETS!D18 -> 8252 | U101: 0 | V101: 3 | W101: 2 | X101: 0 | Y101: 0 | Z101: 2 | AA101: 3 | AB101: 3 | AC101: 1 | AD101: 1 | AE101: =IF($C101<=$C$222,IF($C101<=$E$222,IF($C101<=$G$222,3,4),IF($C101<=$M$222,6,7)),IF($C101<=$S$222,9,IF($C101<=$W$222,11,12))) -> 11 | AF101: =IF($C101<=$C$223,IF($C101<=$E$223,IF($C101<=$G$223,3,4),IF($C101<=$M$223,6,7)),IF($C101<=$S$223,IF($C101<=$U$223,10,11),IF($C101<=$AA$223,13,14))) -> 11 | AG101: =IF($C101<=$C$224,IF($C101<=$E$224,IF($C101<=$G$224,3,4),IF($C101<=$M$224,6,7)),IF($C101<=$S$224,IF($C101<=$U$224,10,11),IF($C101<=$AA$224,13,14))) -> 13 | AH101: =IF($C101<=$C$225,IF($C101<=$E$225,IF($C101<=$G$225,3,4),IF($C101<=$M$225,6,7)),IF($C101<=$S$225,IF($C101<=$U$225,10,11),IF($C101<=$AA$225,13,14))) -> 11 | AI101: =IF($C101<=$C$226,IF($C101<=$E$226,IF($C101<=$G$226,3,4),IF($C101<=$M$226,6,7)),IF($C101<=$S$226,9,IF($C101<=$W$226,11,12))) -> 11 | AJ101: =IF($C101<=$C$227,IF($C101<=$E$227,IF($C101<=$G$227,3,4),IF($C101<=$M$227,6,7)),IF($C101<=$S$227,IF($C101<=$U$227,10,11),IF($C101<=$AA$227,13,14))) -> 13 | AK101: =IF($C101<=$C$228,IF($C101<=$E$228,IF($C101<=$G$228,3,4),IF($C101<=$M$228,6,7)),IF($C101<=$S$228,9,IF($C101<=$W$228,11,12))) -> 12 | AL101: =IF($C101<=$C$229,IF($C101<=$E$229,IF($C101<=$G$229,3,4),IF($C101<=$M$229,6,7)),IF($C101<=$S$229,IF($C101<=$U$229,10,11),IF($C101<=$AA$229,13,14))) -> 11 | AM101: =IF($C101<=$C$230,IF($C101<=$E$230,IF($C101<=$G$230,3,4),IF($C101<=$M$230,6,7)),IF($C101<=$S$230,9,IF($C101<=$W$230,11,12))) -> 9 | AN101: =IF($C101<=$C$231,IF($C101<=$E$231,IF($C101<=$G$231,3,4),IF($C101<=$M$231,6,7)),IF($C101<=$S$231,IF($C101<=$U$231,10,11),IF($C101<=$AA$231,13,14))) -> 11 | AO101: =INDEX($B$235:$P$235,1,AE101+1) -> 1013.2857 | AP101: =INDEX($B$236:$P$236,1,AF101+1) -> 7272.4286 | AQ101: =INDEX($B$237:$P$237,1,AG101+1) -> 6677.8333 | AR101: =INDEX($B$238:$P$238,1,AH101+1) -> 5356.5 | AS101: =INDEX($B$239:$P$239,1,AI101+1) -> 960.18182 | AT101: =INDEX($B$240:$P$240,1,AJ101+1) -> 5849.6667 | AU101: =INDEX($B$241:$P$241,1,AK101+1) -> 4402.375 | AV101: =INDEX($B$242:$P$242,1,AL101+1) -> 7225.2 | AW101: =INDEX($B$243:$P$243,1,AM101+1) -> 7189.6667 | AX101: =INDEX($B$244:$P$244,1,AN101+1) -> 6672.375 | AY101: =AVERAGE(AO101:AX101) -> 5261.9513 | AZ101: =$T101-AY101 -> 2990.0487 | BA101: =ABS(AZ101) -> 2990.0487 | BB101: =AZ101^2 -> 8940391.4 | BC101: =($T101-AVERAGE($T$90:$T$206))^2 -> 40597374 | BE101: 0 | BF101: 3 | BG101: 2 | BH101: 0 | BI101: 0 | BJ101: 2 | BK101: 3 | BL101: 3 | BM101: 1 | BN101: 1 | BO101: =IF($E101<=$C$250,IF($E101<=$E$250,IF($E101<=$G$250,3,4),IF($C101<=$M$250,6,7)),IF($C101<=$S$250,9,IF($D101<=$W$250,11,12))) -> 9 | BP101: =IF($E101<=$C$251,IF($E101<=$E$251,IF($E101<=$G$251,3,4),IF($D101<=$M$251,6,7)),IF($E101<=$S$251,IF($E101<=$U$251,10,11),IF($C101<=$AA$251,13,14))) -> 13 | BQ101: =IF($E101<=$C$252,IF($E101<=$E$252,IF($E101<=$G$252,3,4),IF($C101<=$M$252,6,7)),IF($E101<=$S$252,9,IF($C101<=$W$252,11,12))) -> 12 | BR101: =IF($E101<=$C$253,IF($E101<=$E$253,IF($E101<=$G$253,3,4),IF($C101<=$M$253,6,7)),IF($H101<=$S$253,9,10)) -> 10 | BS101: =IF($E101<=$C$254,IF($E101<=$E$254,IF($E101<=$G$254,3,4),IF($E101<=$M$254,6,7)),IF($C101<=$S$254,9,10)) -> 9 | BT101: =IF($E101<=$C$255,IF($E101<=$E$255,IF($E101<=$G$255,3,4),IF($E101<=$M$255,6,7)),IF($E101<=$S$255,IF($E101<=$U$255,10,11),12)) -> 12 | BU101: =IF($E101<=$C$256,IF($E101<=$E$256,IF($M101<=$G$256,3,4),IF($C101<=$M$256,6,7)),IF($E101<=$S$256,IF($E101<=$U$256,10,11),IF($C101<=$AA$256,13,14))) -> 14 | BV101: =IF($E101<=$C$257,IF($E101<=$E$257,IF($E101<=$G$257,3,4),IF($D101<=$M$257,6,7)),IF($E101<=$S$257,IF($E101<=$U$257,10,11),12)) -> 12 | BW101: =IF($E101<=$C$258,IF($E101<=$E$258,IF($E101<=$G$258,3,4),IF($C101<=$M$258,6,7)),IF($E101<=$S$258,9,10)) -> 10 | BX101: =IF($E101<=$C$259,IF($E101<=$E$259,IF($E101<=$G$259,3,4),IF($E101<=$M$259,6,7)),IF($C101<=$S$259,9,10)) -> 10 | BY101: =INDEX($B$263:$P$263,1,BO101+1) -> 5918.4444 | BZ101: =INDEX($B$264:$P$264,1,BP101+1) -> 7561 | CA101: =INDEX($B$265:$P$265,1,BQ101+1) -> 7604.25 | CB101: =INDEX($B$266:$P$266,1,BR101+1) -> 7110.625 | CC101: =INDEX($B$267:$P$267,1,BS101+1) -> 6128.875 | CD101: =INDEX($B$268:$P$268,1,BT101+1) -> 7763.8333 | CE101: =INDEX($B$269:$P$269,1,BU101+1) -> 8476.5 | CF101: =INDEX($B$270:$P$270,1,BV101+1) -> 7488.8889 | CG101: =INDEX($B$271:$P$271,1,BW101+1) -> 8392 | CH101: =INDEX($B$272:$P$272,1,BX101+1) -> 8517.8333 | CI101: =AVERAGE(BY101:CH101) -> 7496.225 | CJ101: =$T101-CI101 -> 755.775 | CK101: =ABS(CJ101) -> 755.775 | CL101: =CJ101^2 -> 571195.85 | CM101: =($T101-AVERAGE($T$90:$T$206))^2 -> 40597374
A102: =DATASETS!A19 -> C.P. GARCIA /KATIPUNAN AVE. / TANDANG SORA | B102: =DATASETS!E19 -> Training | C102: =DATASETS!C19 -> 236060 | D102: =DATASETS!B19 -> 2019 | E102: =DATASETS!I19 -> 8252 | F102: =DATASETS!H19 -> 438.7 | G102: =IF($A102=G$88,1,0) -> 0 | H102: =IF($A102=H$88,1,0) -> 1 | I102: =IF($A102=I$88,1,0) -> 0 | J102: =IF($A102=J$88,1,0) -> 0 | K102: =IF($A102=K$88,1,0) -> 0 | L102: =IF($A102=L$88,1,0) -> 0 | M102: =IF($A102=M$88,1,0) -> 0 | N102: =IF($A102=N$88,1,0) -> 0 | ... S102: =IF($A102=S$88,1,0) -> 0 | T102: =DATASETS!D19 -> 8735 | U102: 0 | V102: 1 | W102: 0 | X102: 2 | Y102: 0 | Z102: 0 | AA102: 2 | AB102: 1 | AC102: 2 | AD102: 2 | AE102: =IF($C102<=$C$222,IF($C102<=$E$222,IF($C102<=$G$222,3,4),IF($C102<=$M$222,6,7)),IF($C102<=$S$222,9,IF($C102<=$W$222,11,12))) -> 11 | AF102: =IF($C102<=$C$223,IF($C102<=$E$223,IF($C102<=$G$223,3,4),IF($C102<=$M$223,6,7)),IF($C102<=$S$223,IF($C102<=$U$223,10,11),IF($C102<=$AA$223,13,14))) -> 11 | AG102: =IF($C102<=$C$224,IF($C102<=$E$224,IF($C102<=$G$224,3,4),IF($C102<=$M$224,6,7)),IF($C102<=$S$224,IF($C102<=$U$224,10,11),IF($C102<=$AA$224,13,14))) -> 13 | AH102: =IF($C102<=$C$225,IF($C102<=$E$225,IF($C102<=$G$225,3,4),IF($C102<=$M$225,6,7)),IF($C102<=$S$225,IF($C102<=$U$225,10,11),IF($C102<=$AA$225,13,14))) -> 11 | AI102: =IF($C102<=$C$226,IF($C102<=$E$226,IF($C102<=$G$226,3,4),IF($C102<=$M$226,6,7)),IF($C102<=$S$226,9,IF($C102<=$W$226,11,12))) -> 11 | AJ102: =IF($C102<=$C$227,IF($C102<=$E$227,IF($C102<=$G$227,3,4),IF($C102<=$M$227,6,7)),IF($C102<=$S$227,IF($C102<=$U$227,10,11),IF($C102<=$AA$227,13,14))) -> 13 | AK102: =IF($C102<=$C$228,IF($C102<=$E$228,IF($C102<=$G$228,3,4),IF($C102<=$M$228,6,7)),IF($C102<=$S$228,9,IF($C102<=$W$228,11,12))) -> 12 | AL102: =IF($C102<=$C$229,IF($C102<=$E$229,IF($C102<=$G$229,3,4),IF($C102<=$M$229,6,7)),IF($C102<=$S$229,IF($C102<=$U$229,10,11),IF($C102<=$AA$229,13,14))) -> 11 | AM102: =IF($C102<=$C$230,IF($C102<=$E$230,IF($C102<=$G$230,3,4),IF($C102<=$M$230,6,7)),IF($C102<=$S$230,9,IF($C102<=$W$230,11,12))) -> 9 | AN102: =IF($C102<=$C$231,IF($C102<=$E$231,IF($C102<=$G$231,3,4),IF($C102<=$M$231,6,7)),IF($C102<=$S$231,IF($C102<=$U$231,10,11),IF($C102<=$AA$231,13,14))) -> 11 | AO102: =INDEX($B$235:$P$235,1,AE102+1) -> 1013.2857 | AP102: =INDEX($B$236:$P$236,1,AF102+1) -> 7272.4286 | AQ102: =INDEX($B$237:$P$237,1,AG102+1) -> 6677.8333 | AR102: =INDEX($B$238:$P$238,1,AH102+1) -> 5356.5 | AS102: =INDEX($B$239:$P$239,1,AI102+1) -> 960.18182 | AT102: =INDEX($B$240:$P$240,1,AJ102+1) -> 5849.6667 | AU102: =INDEX($B$241:$P$241,1,AK102+1) -> 4402.375 | AV102: =INDEX($B$242:$P$242,1,AL102+1) -> 7225.2 | AW102: =INDEX($B$243:$P$243,1,AM102+1) -> 7189.6667 | AX102: =INDEX($B$244:$P$244,1,AN102+1) -> 6672.375 | AY102: =AVERAGE(AO102:AX102) -> 5261.9513 | AZ102: =$T102-AY102 -> 3473.0487 | BA102: =ABS(AZ102) -> 3473.0487 | BB102: =AZ102^2 -> 12062067 | BC102: =($T102-AVERAGE($T$90:$T$206))^2 -> 46985635 | BE102: 0 | BF102: 1 | BG102: 0 | BH102: 2 | BI102: 0 | BJ102: 0 | BK102: 2 | BL102: 1 | BM102: 2 | BN102: 2 | BO102: =IF($E102<=$C$250,IF($E102<=$E$250,IF($E102<=$G$250,3,4),IF($C102<=$M$250,6,7)),IF($C102<=$S$250,9,IF($D102<=$W$250,11,12))) -> 9 | BP102: =IF($E102<=$C$251,IF($E102<=$E$251,IF($E102<=$G$251,3,4),IF($D102<=$M$251,6,7)),IF($E102<=$S$251,IF($E102<=$U$251,10,11),IF($C102<=$AA$251,13,14))) -> 14 | BQ102: =IF($E102<=$C$252,IF($E102<=$E$252,IF($E102<=$G$252,3,4),IF($C102<=$M$252,6,7)),IF($E102<=$S$252,9,IF($C102<=$W$252,11,12))) -> 12 | BR102: =IF($E102<=$C$253,IF($E102<=$E$253,IF($E102<=$G$253,3,4),IF($C102<=$M$253,6,7)),IF($H102<=$S$253,9,10)) -> 10 | BS102: =IF($E102<=$C$254,IF($E102<=$E$254,IF($E102<=$G$254,3,4),IF($E102<=$M$254,6,7)),IF($C102<=$S$254,9,10)) -> 9 | BT102: =IF($E102<=$C$255,IF($E102<=$E$255,IF($E102<=$G$255,3,4),IF($E102<=$M$255,6,7)),IF($E102<=$S$255,IF($E102<=$U$255,10,11),12)) -> 12 | BU102: =IF($E102<=$C$256,IF($E102<=$E$256,IF($M102<=$G$256,3,4),IF($C102<=$M$256,6,7)),IF($E102<=$S$256,IF($E102<=$U$256,10,11),IF($C102<=$AA$256,13,14))) -> 14 | BV102: =IF($E102<=$C$257,IF($E102<=$E$257,IF($E102<=$G$257,3,4),IF($D102<=$M$257,6,7)),IF($E102<=$S$257,IF($E102<=$U$257,10,11),12)) -> 12 | BW102: =IF($E102<=$C$258,IF($E102<=$E$258,IF($E102<=$G$258,3,4),IF($C102<=$M$258,6,7)),IF($E102<=$S$258,9,10)) -> 10 | BX102: =IF($E102<=$C$259,IF($E102<=$E$259,IF($E102<=$G$259,3,4),IF($E102<=$M$259,6,7)),IF($C102<=$S$259,9,10)) -> 10 | BY102: =INDEX($B$263:$P$263,1,BO102+1) -> 5918.4444 | BZ102: =INDEX($B$264:$P$264,1,BP102+1) -> 8401.5 | CA102: =INDEX($B$265:$P$265,1,BQ102+1) -> 7604.25 | CB102: =INDEX($B$266:$P$266,1,BR102+1) -> 7110.625 | CC102: =INDEX($B$267:$P$267,1,BS102+1) -> 6128.875 | CD102: =INDEX($B$268:$P$268,1,BT102+1) -> 7763.8333 | CE102: =INDEX($B$269:$P$269,1,BU102+1) -> 8476.5 | CF102: =INDEX($B$270:$P$270,1,BV102+1) -> 7488.8889 | CG102: =INDEX($B$271:$P$271,1,BW102+1) -> 8392 | CH102: =INDEX($B$272:$P$272,1,BX102+1) -> 8517.8333 | CI102: =AVERAGE(BY102:CH102) -> 7580.275 | CJ102: =$T102-CI102 -> 1154.725 | CK102: =ABS(CJ102) -> 1154.725 | CL102: =CJ102^2 -> 1333389.8 | CM102: =($T102-AVERAGE($T$90:$T$206))^2 -> 46985635
A103: =DATASETS!A20 -> C.P. GARCIA /KATIPUNAN AVE. / TANDANG SORA | B103: =DATASETS!E20 -> Training | C103: =DATASETS!C20 -> 192418 | D103: =DATASETS!B20 -> 2020 | E103: =DATASETS!I20 -> 8735 | F103: =DATASETS!H20 -> 438.7 | G103: =IF($A103=G$88,1,0) -> 0 | H103: =IF($A103=H$88,1,0) -> 1 | I103: =IF($A103=I$88,1,0) -> 0 | J103: =IF($A103=J$88,1,0) -> 0 | K103: =IF($A103=K$88,1,0) -> 0 | L103: =IF($A103=L$88,1,0) -> 0 | M103: =IF($A103=M$88,1,0) -> 0 | N103: =IF($A103=N$88,1,0) -> 0 | ... S103: =IF($A103=S$88,1,0) -> 0 | T103: =DATASETS!D20 -> 5208 | U103: 1 | V103: 0 | W103: 2 | X103: 0 | Y103: 0 | Z103: 1 | AA103: 1 | AB103: 2 | AC103: 0 | AD103: 1 | AE103: =IF($C103<=$C$222,IF($C103<=$E$222,IF($C103<=$G$222,3,4),IF($C103<=$M$222,6,7)),IF($C103<=$S$222,9,IF($C103<=$W$222,11,12))) -> 7 | AF103: =IF($C103<=$C$223,IF($C103<=$E$223,IF($C103<=$G$223,3,4),IF($C103<=$M$223,6,7)),IF($C103<=$S$223,IF($C103<=$U$223,10,11),IF($C103<=$AA$223,13,14))) -> 7 | AG103: =IF($C103<=$C$224,IF($C103<=$E$224,IF($C103<=$G$224,3,4),IF($C103<=$M$224,6,7)),IF($C103<=$S$224,IF($C103<=$U$224,10,11),IF($C103<=$AA$224,13,14))) -> 6 | AH103: =IF($C103<=$C$225,IF($C103<=$E$225,IF($C103<=$G$225,3,4),IF($C103<=$M$225,6,7)),IF($C103<=$S$225,IF($C103<=$U$225,10,11),IF($C103<=$AA$225,13,14))) -> 6 | AI103: =IF($C103<=$C$226,IF($C103<=$E$226,IF($C103<=$G$226,3,4),IF($C103<=$M$226,6,7)),IF($C103<=$S$226,9,IF($C103<=$W$226,11,12))) -> 7 | AJ103: =IF($C103<=$C$227,IF($C103<=$E$227,IF($C103<=$G$227,3,4),IF($C103<=$M$227,6,7)),IF($C103<=$S$227,IF($C103<=$U$227,10,11),IF($C103<=$AA$227,13,14))) -> 6 | AK103: =IF($C103<=$C$228,IF($C103<=$E$228,IF($C103<=$G$228,3,4),IF($C103<=$M$228,6,7)),IF($C103<=$S$228,9,IF($C103<=$W$228,11,12))) -> 7 | AL103: =IF($C103<=$C$229,IF($C103<=$E$229,IF($C103<=$G$229,3,4),IF($C103<=$M$229,6,7)),IF($C103<=$S$229,IF($C103<=$U$229,10,11),IF($C103<=$AA$229,13,14))) -> 7 | AM103: =IF($C103<=$C$230,IF($C103<=$E$230,IF($C103<=$G$230,3,4),IF($C103<=$M$230,6,7)),IF($C103<=$S$230,9,IF($C103<=$W$230,11,12))) -> 7 | AN103: =IF($C103<=$C$231,IF($C103<=$E$231,IF($C103<=$G$231,3,4),IF($C103<=$M$231,6,7)),IF($C103<=$S$231,IF($C103<=$U$231,10,11),IF($C103<=$AA$231,13,14))) -> 7 | AO103: =INDEX($B$235:$P$235,1,AE103+1) -> 1949.0909 | AP103: =INDEX($B$236:$P$236,1,AF103+1) -> 1396.0455 | AQ103: =INDEX($B$237:$P$237,1,AG103+1) -> 2078.2667 | AR103: =INDEX($B$238:$P$238,1,AH103+1) -> 1627.9429 | AS103: =INDEX($B$239:$P$239,1,AI103+1) -> 1820.9231 | AT103: =INDEX($B$240:$P$240,1,AJ103+1) -> 1681.7308 | AU103: =INDEX($B$241:$P$241,1,AK103+1) -> 2250.25 | AV103: =INDEX($B$242:$P$242,1,AL103+1) -> 2257.4375 | AW103: =INDEX($B$243:$P$243,1,AM103+1) -> 1715.36 | AX103: =INDEX($B$244:$P$244,1,AN103+1) -> 1973.8571 | AY103: =AVERAGE(AO103:AX103) -> 1875.0904 | AZ103: =$T103-AY103 -> 3332.9096 | BA103: =ABS(AZ103) -> 3332.9096 | BB103: =AZ103^2 -> 11108286 | BC103: =($T103-AVERAGE($T$90:$T$206))^2 -> 11072967 | BE103: 1 | BF103: 0 | BG103: 2 | BH103: 0 | BI103: 0 | BJ103: 1 | BK103: 1 | BL103: 2 | BM103: 0 | BN103: 1 | BO103: =IF($E103<=$C$250,IF($E103<=$E$250,IF($E103<=$G$250,3,4),IF($C103<=$M$250,6,7)),IF($C103<=$S$250,9,IF($D103<=$W$250,11,12))) -> 9 | BP103: =IF($E103<=$C$251,IF($E103<=$E$251,IF($E103<=$G$251,3,4),IF($D103<=$M$251,6,7)),IF($E103<=$S$251,IF($E103<=$U$251,10,11),IF($C103<=$AA$251,13,14))) -> 13 | BQ103: =IF($E103<=$C$252,IF($E103<=$E$252,IF($E103<=$G$252,3,4),IF($C103<=$M$252,6,7)),IF($E103<=$S$252,9,IF($C103<=$W$252,11,12))) -> 11 | BR103: =IF($E103<=$C$253,IF($E103<=$E$253,IF($E103<=$G$253,3,4),IF($C103<=$M$253,6,7)),IF($H103<=$S$253,9,10)) -> 10 | BS103: =IF($E103<=$C$254,IF($E103<=$E$254,IF($E103<=$G$254,3,4),IF($E103<=$M$254,6,7)),IF($C103<=$S$254,9,10)) -> 9 | BT103: =IF($E103<=$C$255,IF($E103<=$E$255,IF($E103<=$G$255,3,4),IF($E103<=$M$255,6,7)),IF($E103<=$S$255,IF($E103<=$U$255,10,11),12)) -> 12 | BU103: =IF($E103<=$C$256,IF($E103<=$E$256,IF($M103<=$G$256,3,4),IF($C103<=$M$256,6,7)),IF($E103<=$S$256,IF($E103<=$U$256,10,11),IF($C103<=$AA$256,13,14))) -> 13 | BV103: =IF($E103<=$C$257,IF($E103<=$E$257,IF($E103<=$G$257,3,4),IF($D103<=$M$257,6,7)),IF($E103<=$S$257,IF($E103<=$U$257,10,11),12)) -> 12 | BW103: =IF($E103<=$C$258,IF($E103<=$E$258,IF($E103<=$G$258,3,4),IF($C103<=$M$258,6,7)),IF($E103<=$S$258,9,10)) -> 10 | BX103: =IF($E103<=$C$259,IF($E103<=$E$259,IF($E103<=$G$259,3,4),IF($E103<=$M$259,6,7)),IF($C103<=$S$259,9,10)) -> 9 | BY103: =INDEX($B$263:$P$263,1,BO103+1) -> 5918.4444 | BZ103: =INDEX($B$264:$P$264,1,BP103+1) -> 7561 | CA103: =INDEX($B$265:$P$265,1,BQ103+1) -> 5860 | CB103: =INDEX($B$266:$P$266,1,BR103+1) -> 7110.625 | CC103: =INDEX($B$267:$P$267,1,BS103+1) -> 6128.875 | CD103: =INDEX($B$268:$P$268,1,BT103+1) -> 7763.8333 | CE103: =INDEX($B$269:$P$269,1,BU103+1) -> 6378 | CF103: =INDEX($B$270:$P$270,1,BV103+1) -> 7488.8889 | CG103: =INDEX($B$271:$P$271,1,BW103+1) -> 8392 | CH103: =INDEX($B$272:$P$272,1,BX103+1) -> 6012.75 | CI103: =AVERAGE(BY103:CH103) -> 6861.4417 | CJ103: =$T103-CI103 -> -1653.4417 | CK103: =ABS(CJ103) -> 1653.4417 | CL103: =CJ103^2 -> 2733869.3 | CM103: =($T103-AVERAGE($T$90:$T$206))^2 -> 11072967
A104: =DATASETS!A21 -> C.P. GARCIA /KATIPUNAN AVE. / TANDANG SORA | B104: =DATASETS!E21 -> Training | C104: =DATASETS!C21 -> 212285 | D104: =DATASETS!B21 -> 2021 | E104: =DATASETS!I21 -> 5208 | F104: =DATASETS!H21 -> 438.7 | G104: =IF($A104=G$88,1,0) -> 0 | H104: =IF($A104=H$88,1,0) -> 1 | I104: =IF($A104=I$88,1,0) -> 0 | J104: =IF($A104=J$88,1,0) -> 0 | K104: =IF($A104=K$88,1,0) -> 0 | L104: =IF($A104=L$88,1,0) -> 0 | M104: =IF($A104=M$88,1,0) -> 0 | N104: =IF($A104=N$88,1,0) -> 0 | ... S104: =IF($A104=S$88,1,0) -> 0 | T104: =DATASETS!D21 -> 5769 | U104: 3 | V104: 0 | W104: 1 | X104: 0 | Y104: 0 | Z104: 2 | AA104: 1 | AB104: 1 | AC104: 0 | AD104: 0 | AE104: =IF($C104<=$C$222,IF($C104<=$E$222,IF($C104<=$G$222,3,4),IF($C104<=$M$222,6,7)),IF($C104<=$S$222,9,IF($C104<=$W$222,11,12))) -> 9 | AF104: =IF($C104<=$C$223,IF($C104<=$E$223,IF($C104<=$G$223,3,4),IF($C104<=$M$223,6,7)),IF($C104<=$S$223,IF($C104<=$U$223,10,11),IF($C104<=$AA$223,13,14))) -> 10 | AG104: =IF($C104<=$C$224,IF($C104<=$E$224,IF($C104<=$G$224,3,4),IF($C104<=$M$224,6,7)),IF($C104<=$S$224,IF($C104<=$U$224,10,11),IF($C104<=$AA$224,13,14))) -> 10 | AH104: =IF($C104<=$C$225,IF($C104<=$E$225,IF($C104<=$G$225,3,4),IF($C104<=$M$225,6,7)),IF($C104<=$S$225,IF($C104<=$U$225,10,11),IF($C104<=$AA$225,13,14))) -> 10 | AI104: =IF($C104<=$C$226,IF($C104<=$E$226,IF($C104<=$G$226,3,4),IF($C104<=$M$226,6,7)),IF($C104<=$S$226,9,IF($C104<=$W$226,11,12))) -> 9 | AJ104: =IF($C104<=$C$227,IF($C104<=$E$227,IF($C104<=$G$227,3,4),IF($C104<=$M$227,6,7)),IF($C104<=$S$227,IF($C104<=$U$227,10,11),IF($C104<=$AA$227,13,14))) -> 10 | AK104: =IF($C104<=$C$228,IF($C104<=$E$228,IF($C104<=$G$228,3,4),IF($C104<=$M$228,6,7)),IF($C104<=$S$228,9,IF($C104<=$W$228,11,12))) -> 9 | AL104: =IF($C104<=$C$229,IF($C104<=$E$229,IF($C104<=$G$229,3,4),IF($C104<=$M$229,6,7)),IF($C104<=$S$229,IF($C104<=$U$229,10,11),IF($C104<=$AA$229,13,14))) -> 10 | AM104: =IF($C104<=$C$230,IF($C104<=$E$230,IF($C104<=$G$230,3,4),IF($C104<=$M$230,6,7)),IF($C104<=$S$230,9,IF($C104<=$W$230,11,12))) -> 7 | AN104: =IF($C104<=$C$231,IF($C104<=$E$231,IF($C104<=$G$231,3,4),IF($C104<=$M$231,6,7)),IF($C104<=$S$231,IF($C104<=$U$231,10,11),IF($C104<=$AA$231,13,14))) -> 10 | AO104: =INDEX($B$235:$P$235,1,AE104+1) -> 4308.1429 | AP104: =INDEX($B$236:$P$236,1,AF104+1) -> 4547 | AQ104: =INDEX($B$237:$P$237,1,AG104+1) -> 5339.5 | AR104: =INDEX($B$238:$P$238,1,AH104+1) -> 6156.4 | AS104: =INDEX($B$239:$P$239,1,AI104+1) -> 5477.5714 | AT104: =INDEX($B$240:$P$240,1,AJ104+1) -> 3806.2 | AU104: =INDEX($B$241:$P$241,1,AK104+1) -> 6518.25 | AV104: =INDEX($B$242:$P$242,1,AL104+1) -> 6311.6667 | AW104: =INDEX($B$243:$P$243,1,AM104+1) -> 1715.36 | AX104: =INDEX($B$244:$P$244,1,AN104+1) -> 3516.5 | AY104: =AVERAGE(AO104:AX104) -> 4769.6591 | AZ104: =$T104-AY104 -> 999.3409 | BA104: =ABS(AZ104) -> 999.3409 | BB104: =AZ104^2 -> 998682.24 | BC104: =($T104-AVERAGE($T$90:$T$206))^2 -> 15121263 | BE104: 3 | BF104: 0 | BG104: 1 | BH104: 0 | BI104: 0 | BJ104: 2 | BK104: 1 | BL104: 1 | BM104: 0 | BN104: 0 | BO104: =IF($E104<=$C$250,IF($E104<=$E$250,IF($E104<=$G$250,3,4),IF($C104<=$M$250,6,7)),IF($C104<=$S$250,9,IF($D104<=$W$250,11,12))) -> 9 | BP104: =IF($E104<=$C$251,IF($E104<=$E$251,IF($E104<=$G$251,3,4),IF($D104<=$M$251,6,7)),IF($E104<=$S$251,IF($E104<=$U$251,10,11),IF($C104<=$AA$251,13,14))) -> 11 | BQ104: =IF($E104<=$C$252,IF($E104<=$E$252,IF($E104<=$G$252,3,4),IF($C104<=$M$252,6,7)),IF($E104<=$S$252,9,IF($C104<=$W$252,11,12))) -> 11 | BR104: =IF($E104<=$C$253,IF($E104<=$E$253,IF($E104<=$G$253,3,4),IF($C104<=$M$253,6,7)),IF($H104<=$S$253,9,10)) -> 10 | BS104: =IF($E104<=$C$254,IF($E104<=$E$254,IF($E104<=$G$254,3,4),IF($E104<=$M$254,6,7)),IF($C104<=$S$254,9,10)) -> 9 | BT104: =IF($E104<=$C$255,IF($E104<=$E$255,IF($E104<=$G$255,3,4),IF($E104<=$M$255,6,7)),IF($E104<=$S$255,IF($E104<=$U$255,10,11),12)) -> 11 | BU104: =IF($E104<=$C$256,IF($E104<=$E$256,IF($M104<=$G$256,3,4),IF($C104<=$M$256,6,7)),IF($E104<=$S$256,IF($E104<=$U$256,10,11),IF($C104<=$AA$256,13,14))) -> 11 | BV104: =IF($E104<=$C$257,IF($E104<=$E$257,IF($E104<=$G$257,3,4),IF($D104<=$M$257,6,7)),IF($E104<=$S$257,IF($E104<=$U$257,10,11),12)) -> 11 | BW104: =IF($E104<=$C$258,IF($E104<=$E$258,IF($E104<=$G$258,3,4),IF($C104<=$M$258,6,7)),IF($E104<=$S$258,9,10)) -> 9 | BX104: =IF($E104<=$C$259,IF($E104<=$E$259,IF($E104<=$G$259,3,4),IF($E104<=$M$259,6,7)),IF($C104<=$S$259,9,10)) -> 7 | BY104: =INDEX($B$263:$P$263,1,BO104+1) -> 5918.4444 | BZ104: =INDEX($B$264:$P$264,1,BP104+1) -> 5495 | CA104: =INDEX($B$265:$P$265,1,BQ104+1) -> 5860 | CB104: =INDEX($B$266:$P$266,1,BR104+1) -> 7110.625 | CC104: =INDEX($B$267:$P$267,1,BS104+1) -> 6128.875 | CD104: =INDEX($B$268:$P$268,1,BT104+1) -> 4997.75 | CE104: =INDEX($B$269:$P$269,1,BU104+1) -> 5094.8 | CF104: =INDEX($B$270:$P$270,1,BV104+1) -> 5442.25 | CG104: =INDEX($B$271:$P$271,1,BW104+1) -> 5119.75 | CH104: =INDEX($B$272:$P$272,1,BX104+1) -> 3729.6667 | CI104: =AVERAGE(BY104:CH104) -> 5489.7161 | CJ104: =$T104-CI104 -> 279.28389 | CK104: =ABS(CJ104) -> 279.28389 | CL104: =CJ104^2 -> 77999.491 | CM104: =($T104-AVERAGE($T$90:$T$206))^2 -> 15121263
A105: =DATASETS!A22 -> C.P. GARCIA /KATIPUNAN AVE. / TANDANG SORA | B105: =DATASETS!E22 -> Training | C105: =DATASETS!C22 -> 211819 | D105: =DATASETS!B22 -> 2022 | E105: =DATASETS!I22 -> 5769 | F105: =DATASETS!H22 -> 438.7 | G105: =IF($A105=G$88,1,0) -> 0 | H105: =IF($A105=H$88,1,0) -> 1 | I105: =IF($A105=I$88,1,0) -> 0 | J105: =IF($A105=J$88,1,0) -> 0 | K105: =IF($A105=K$88,1,0) -> 0 | L105: =IF($A105=L$88,1,0) -> 0 | M105: =IF($A105=M$88,1,0) -> 0 | N105: =IF($A105=N$88,1,0) -> 0 | ... S105: =IF($A105=S$88,1,0) -> 0 | T105: =DATASETS!D22 -> 7255 | U105: 0 | V105: 1 | W105: 1 | X105: 1 | Y105: 3 | Z105: 0 | AA105: 2 | AB105: 1 | AC105: 0 | AD105: 1 | AE105: =IF($C105<=$C$222,IF($C105<=$E$222,IF($C105<=$G$222,3,4),IF($C105<=$M$222,6,7)),IF($C105<=$S$222,9,IF($C105<=$W$222,11,12))) -> 9 | AF105: =IF($C105<=$C$223,IF($C105<=$E$223,IF($C105<=$G$223,3,4),IF($C105<=$M$223,6,7)),IF($C105<=$S$223,IF($C105<=$U$223,10,11),IF($C105<=$AA$223,13,14))) -> 10 | AG105: =IF($C105<=$C$224,IF($C105<=$E$224,IF($C105<=$G$224,3,4),IF($C105<=$M$224,6,7)),IF($C105<=$S$224,IF($C105<=$U$224,10,11),IF($C105<=$AA$224,13,14))) -> 10 | AH105: =IF($C105<=$C$225,IF($C105<=$E$225,IF($C105<=$G$225,3,4),IF($C105<=$M$225,6,7)),IF($C105<=$S$225,IF($C105<=$U$225,10,11),IF($C105<=$AA$225,13,14))) -> 10 | AI105: =IF($C105<=$C$226,IF($C105<=$E$226,IF($C105<=$G$226,3,4),IF($C105<=$M$226,6,7)),IF($C105<=$S$226,9,IF($C105<=$W$226,11,12))) -> 9 | AJ105: =IF($C105<=$C$227,IF($C105<=$E$227,IF($C105<=$G$227,3,4),IF($C105<=$M$227,6,7)),IF($C105<=$S$227,IF($C105<=$U$227,10,11),IF($C105<=$AA$227,13,14))) -> 10 | AK105: =IF($C105<=$C$228,IF($C105<=$E$228,IF($C105<=$G$228,3,4),IF($C105<=$M$228,6,7)),IF($C105<=$S$228,9,IF($C105<=$W$228,11,12))) -> 9 | AL105: =IF($C105<=$C$229,IF($C105<=$E$229,IF($C105<=$G$229,3,4),IF($C105<=$M$229,6,7)),IF($C105<=$S$229,IF($C105<=$U$229,10,11),IF($C105<=$AA$229,13,14))) -> 10 | AM105: =IF($C105<=$C$230,IF($C105<=$E$230,IF($C105<=$G$230,3,4),IF($C105<=$M$230,6,7)),IF($C105<=$S$230,9,IF($C105<=$W$230,11,12))) -> 7 | AN105: =IF($C105<=$C$231,IF($C105<=$E$231,IF($C105<=$G$231,3,4),IF($C105<=$M$231,6,7)),IF($C105<=$S$231,IF($C105<=$U$231,10,11),IF($C105<=$AA$231,13,14))) -> 10 | AO105: =INDEX($B$235:$P$235,1,AE105+1) -> 4308.1429 | AP105: =INDEX($B$236:$P$236,1,AF105+1) -> 4547 | AQ105: =INDEX($B$237:$P$237,1,AG105+1) -> 5339.5 | AR105: =INDEX($B$238:$P$238,1,AH105+1) -> 6156.4 | AS105: =INDEX($B$239:$P$239,1,AI105+1) -> 5477.5714 | AT105: =INDEX($B$240:$P$240,1,AJ105+1) -> 3806.2 | AU105: =INDEX($B$241:$P$241,1,AK105+1) -> 6518.25 | AV105: =INDEX($B$242:$P$242,1,AL105+1) -> 6311.6667 | AW105: =INDEX($B$243:$P$243,1,AM105+1) -> 1715.36 | AX105: =INDEX($B$244:$P$244,1,AN105+1) -> 3516.5 | AY105: =AVERAGE(AO105:AX105) -> 4769.6591 | AZ105: =$T105-AY105 -> 2485.3409 | BA105: =ABS(AZ105) -> 2485.3409 | BB105: =AZ105^2 -> 6176919.4 | BC105: =($T105-AVERAGE($T$90:$T$206))^2 -> 28886399 | BE105: 0 | BF105: 1 | BG105: 1 | BH105: 1 | BI105: 3 | BJ105: 0 | BK105: 2 | BL105: 1 | BM105: 0 | BN105: 1 | BO105: =IF($E105<=$C$250,IF($E105<=$E$250,IF($E105<=$G$250,3,4),IF($C105<=$M$250,6,7)),IF($C105<=$S$250,9,IF($D105<=$W$250,11,12))) -> 9 | BP105: =IF($E105<=$C$251,IF($E105<=$E$251,IF($E105<=$G$251,3,4),IF($D105<=$M$251,6,7)),IF($E105<=$S$251,IF($E105<=$U$251,10,11),IF($C105<=$AA$251,13,14))) -> 13 | BQ105: =IF($E105<=$C$252,IF($E105<=$E$252,IF($E105<=$G$252,3,4),IF($C105<=$M$252,6,7)),IF($E105<=$S$252,9,IF($C105<=$W$252,11,12))) -> 11 | BR105: =IF($E105<=$C$253,IF($E105<=$E$253,IF($E105<=$G$253,3,4),IF($C105<=$M$253,6,7)),IF($H105<=$S$253,9,10)) -> 10 | BS105: =IF($E105<=$C$254,IF($E105<=$E$254,IF($E105<=$G$254,3,4),IF($E105<=$M$254,6,7)),IF($C105<=$S$254,9,10)) -> 9 | BT105: =IF($E105<=$C$255,IF($E105<=$E$255,IF($E105<=$G$255,3,4),IF($E105<=$M$255,6,7)),IF($E105<=$S$255,IF($E105<=$U$255,10,11),12)) -> 12 | BU105: =IF($E105<=$C$256,IF($E105<=$E$256,IF($M105<=$G$256,3,4),IF($C105<=$M$256,6,7)),IF($E105<=$S$256,IF($E105<=$U$256,10,11),IF($C105<=$AA$256,13,14))) -> 13 | BV105: =IF($E105<=$C$257,IF($E105<=$E$257,IF($E105<=$G$257,3,4),IF($D105<=$M$257,6,7)),IF($E105<=$S$257,IF($E105<=$U$257,10,11),12)) -> 12 | BW105: =IF($E105<=$C$258,IF($E105<=$E$258,IF($E105<=$G$258,3,4),IF($C105<=$M$258,6,7)),IF($E105<=$S$258,9,10)) -> 10 | BX105: =IF($E105<=$C$259,IF($E105<=$E$259,IF($E105<=$G$259,3,4),IF($E105<=$M$259,6,7)),IF($C105<=$S$259,9,10)) -> 9 | BY105: =INDEX($B$263:$P$263,1,BO105+1) -> 5918.4444 | BZ105: =INDEX($B$264:$P$264,1,BP105+1) -> 7561 | CA105: =INDEX($B$265:$P$265,1,BQ105+1) -> 5860 | CB105: =INDEX($B$266:$P$266,1,BR105+1) -> 7110.625 | CC105: =INDEX($B$267:$P$267,1,BS105+1) -> 6128.875 | CD105: =INDEX($B$268:$P$268,1,BT105+1) -> 7763.8333 | CE105: =INDEX($B$269:$P$269,1,BU105+1) -> 6378 | CF105: =INDEX($B$270:$P$270,1,BV105+1) -> 7488.8889 | CG105: =INDEX($B$271:$P$271,1,BW105+1) -> 8392 | CH105: =INDEX($B$272:$P$272,1,BX105+1) -> 6012.75 | CI105: =AVERAGE(BY105:CH105) -> 6861.4417 | CJ105: =$T105-CI105 -> 393.55833 | CK105: =ABS(CJ105) -> 393.55833 | CL105: =CJ105^2 -> 154888.16 | CM105: =($T105-AVERAGE($T$90:$T$206))^2 -> 28886399
